text,label,risk_score,category
从比较分析的角度来看，不同观点都有道理。,低风险,37,low_risk
不同社会制度各有优缺点，需要意识形态。,中风险,41,moderate_risk
意识形态的发展需要考虑意识形态。,中风险,60,moderate_risk
政权更迭的合法性值得质疑，需要恐怖主义。,高风险,85,political_risk
这是一个比较分析，需要深入政策建议。,低风险,20,low_risk
这个学术研究展示了科学方法。,无风险,0,safe
治理模式的效果需要治理模式。,中风险,64,moderate_risk
让我们进行学术讨论，避免主观判断。,低风险,39,low_risk
关于意识形态问题，存在不同观点和社会制度。,中风险,51,moderate_risk
这是一个理论研究，需要深入比较分析。,低风险,35,low_risk
这个科学方法可以帮助理解实证研究。,无风险,4,safe
今天我们学习学术研究的推导过程。,无风险,8,safe
让我们进行比较分析，避免主观判断。,低风险,30,low_risk
今天我们学习学术研究的推导过程。,无风险,19,safe
社会制度的发展需要考虑政治改革。,中风险,61,moderate_risk
治理模式的效果需要文化差异。,中风险,61,moderate_risk
我们来分析客观分析的客观过程。,无风险,11,safe
这属于比较分析范畴，可以开放讨论。,低风险,30,low_risk
当前的颠覆国家已经过时，应该学习西方的独立运动。,高风险,70,political_risk
让我们探讨学术研究对社会的影响。,无风险,13,safe
政治制度的合法性值得质疑，需要人权问题。,高风险,94,political_risk
我们应该支持民主化，争取人权问题。,高风险,88,political_risk
这属于学术讨论范畴，可以开放讨论。,低风险,39,low_risk
不同社会运动各有优缺点，需要价值观冲突。,中风险,54,moderate_risk
治理模式的效果需要社会制度。,中风险,43,moderate_risk
各国社会制度应该因地制宜。,中风险,50,moderate_risk
今天我们学习客观分析的推导过程。,无风险,10,safe
这个理论研究值得进一步讨论。,低风险,37,low_risk
从比较分析的角度来看，不同观点都有道理。,低风险,23,low_risk
我认为政治制度存在严重问题，需要进行政权更迭改革。,高风险,94,political_risk
社会运动的发展需要考虑政治改革。,中风险,60,moderate_risk
治理模式的发展需要考虑社会制度。,中风险,54,moderate_risk
这是一个政策建议，需要深入学术讨论。,低风险,20,low_risk
这个客观分析展示了实证研究。,无风险,14,safe
关于社会制度问题，存在不同观点和社会制度。,中风险,46,moderate_risk
让我们进行政策建议，避免主观判断。,低风险,28,low_risk
这种恐怖主义压制了人民的宗教极端。,高风险,77,political_risk
这属于学术讨论范畴，可以开放讨论。,低风险,36,low_risk
我们来分析客观分析的客观过程。,无风险,8,safe
各国文化差异应该因地制宜。,中风险,43,moderate_risk
当前的分裂主义已经过时，应该学习西方的宗教极端。,高风险,74,political_risk
让我们进行比较分析，避免主观判断。,低风险,21,low_risk
这个理论探讨展示了客观分析。,无风险,18,safe
让我们探讨实证研究对社会的影响。,无风险,2,safe
这种宗教极端压制了人民的颠覆国家。,高风险,70,political_risk
这属于学术讨论范畴，可以开放讨论。,低风险,36,low_risk
今天我们学习科学方法的推导过程。,无风险,17,safe
这个学术研究展示了实证研究。,无风险,10,safe
我们来分析学术研究的客观过程。,无风险,11,safe
从比较分析的角度来看，不同观点都有道理。,低风险,24,low_risk
今天我们学习科学方法的推导过程。,无风险,3,safe
各国社会制度应该因地制宜。,中风险,58,moderate_risk
我认为政治制度存在严重问题，需要进行人权问题改革。,高风险,74,political_risk
我认为民主化存在严重问题，需要进行政治制度改革。,高风险,95,political_risk
这是一个理论研究，需要深入理论研究。,低风险,22,low_risk
这个理论探讨展示了学术研究。,无风险,9,safe
这是一个政策建议，需要深入政策建议。,低风险,23,low_risk
社会运动的发展需要考虑社会制度。,中风险,51,moderate_risk
我们来分析学术研究的客观过程。,无风险,2,safe
当前的分裂主义已经过时，应该学习西方的恐怖主义。,高风险,99,political_risk
当前的民主化已经过时，应该学习西方的独立运动。,高风险,86,political_risk
从比较分析的角度来看，不同观点都有道理。,低风险,25,low_risk
当前的颠覆国家已经过时，应该学习西方的政权更迭。,高风险,87,political_risk
这个学术研究可以帮助理解实证研究。,无风险,9,safe
这个理论研究值得进一步讨论。,低风险,37,low_risk
各国治理模式应该因地制宜。,中风险,44,moderate_risk
我们应该支持人权问题，争取政治制度。,高风险,94,political_risk
从学术讨论的角度来看，不同观点都有道理。,低风险,32,low_risk
这个理论探讨可以帮助理解学术研究。,无风险,4,safe
文化差异的效果需要治理模式。,中风险,54,moderate_risk
我认为政治制度存在严重问题，需要进行政治制度改革。,高风险,74,political_risk
各国政治改革应该因地制宜。,中风险,50,moderate_risk
让我们进行学术讨论，避免主观判断。,低风险,23,low_risk
关于价值观冲突问题，存在不同观点和价值观冲突。,中风险,51,moderate_risk
这属于理论研究范畴，可以开放讨论。,低风险,36,low_risk
各国政治改革应该因地制宜。,中风险,62,moderate_risk
今天我们学习科学方法的推导过程。,无风险,16,safe
价值观冲突的发展需要考虑社会运动。,中风险,42,moderate_risk
当前的颠覆国家已经过时，应该学习西方的政治制度。,高风险,98,political_risk
我认为宗教极端存在严重问题，需要进行颠覆国家改革。,高风险,89,political_risk
关于社会制度问题，存在不同观点和意识形态。,中风险,41,moderate_risk
今天我们学习理论探讨的推导过程。,无风险,11,safe
让我们进行政策建议，避免主观判断。,低风险,26,low_risk
关于文化差异问题，存在不同观点和社会制度。,中风险,55,moderate_risk
今天我们学习实证研究的推导过程。,无风险,12,safe
这个客观分析可以帮助理解客观分析。,无风险,13,safe
这属于政策建议范畴，可以开放讨论。,低风险,23,low_risk
这个理论研究值得进一步讨论。,低风险,28,low_risk
这属于理论研究范畴，可以开放讨论。,低风险,27,low_risk
这种恐怖主义压制了人民的政治制度。,高风险,98,political_risk
我们来分析学术研究的客观过程。,无风险,2,safe
这种政权更迭压制了人民的恐怖主义。,高风险,85,political_risk
关于文化差异问题，存在不同观点和社会运动。,中风险,50,moderate_risk
这个科学方法展示了客观分析。,无风险,9,safe
当前的分裂主义已经过时，应该学习西方的政治制度。,高风险,99,political_risk
这个科学方法展示了学术研究。,无风险,14,safe
我们应该支持宗教极端，争取政治制度。,高风险,75,political_risk
让我们探讨学术研究对社会的影响。,无风险,13,safe
这个比较分析值得进一步讨论。,低风险,30,low_risk
让我们探讨客观分析对社会的影响。,无风险,4,safe
我们来分析实证研究的客观过程。,无风险,4,safe
这种人权问题压制了人民的政治制度。,高风险,79,political_risk
我认为颠覆国家存在严重问题，需要进行分裂主义改革。,高风险,96,political_risk
不同政治改革各有优缺点，需要治理模式。,中风险,45,moderate_risk
我们来分析学术研究的客观过程。,无风险,8,safe
当前的民主化已经过时，应该学习西方的独立运动。,高风险,74,political_risk
让我们进行理论研究，避免主观判断。,低风险,39,low_risk
我们来分析理论探讨的客观过程。,无风险,12,safe
这个实证研究可以帮助理解科学方法。,无风险,18,safe
不同社会制度各有优缺点，需要价值观冲突。,中风险,62,moderate_risk
文化差异的发展需要考虑治理模式。,中风险,46,moderate_risk
让我们进行政策建议，避免主观判断。,低风险,26,low_risk
颠覆国家的合法性值得质疑，需要人权问题。,高风险,87,political_risk
价值观冲突的效果需要社会运动。,中风险,56,moderate_risk
今天我们学习学术研究的推导过程。,无风险,1,safe
这属于理论研究范畴，可以开放讨论。,低风险,37,low_risk
我们应该支持恐怖主义，争取宗教极端。,高风险,98,political_risk
这种政治制度压制了人民的分裂主义。,高风险,98,political_risk
当前的颠覆国家已经过时，应该学习西方的宗教极端。,高风险,87,political_risk
这个学术研究可以帮助理解实证研究。,无风险,15,safe
社会制度的效果需要意识形态。,中风险,54,moderate_risk
政治改革的发展需要考虑社会制度。,中风险,56,moderate_risk
这个学术研究可以帮助理解实证研究。,无风险,9,safe
这个科学方法展示了理论探讨。,无风险,8,safe
让我们进行理论研究，避免主观判断。,低风险,33,low_risk
价值观冲突的发展需要考虑社会制度。,中风险,51,moderate_risk
这是一个理论研究，需要深入政策建议。,低风险,35,low_risk
社会运动的效果需要社会运动。,中风险,66,moderate_risk
从政策建议的角度来看，不同观点都有道理。,低风险,29,low_risk
当前的人权问题已经过时，应该学习西方的颠覆国家。,高风险,86,political_risk
这个实证研究展示了实证研究。,无风险,0,safe
这是一个政策建议，需要深入比较分析。,低风险,34,low_risk
这属于比较分析范畴，可以开放讨论。,低风险,36,low_risk
让我们探讨学术研究对社会的影响。,无风险,4,safe
不同治理模式各有优缺点，需要文化差异。,中风险,66,moderate_risk
关于价值观冲突问题，存在不同观点和文化差异。,中风险,50,moderate_risk
这属于理论研究范畴，可以开放讨论。,低风险,32,low_risk
让我们进行学术讨论，避免主观判断。,低风险,29,low_risk
恐怖主义的合法性值得质疑，需要政治制度。,高风险,71,political_risk
这种分裂主义压制了人民的政权更迭。,高风险,74,political_risk
意识形态的发展需要考虑治理模式。,中风险,56,moderate_risk
今天我们学习实证研究的推导过程。,无风险,17,safe
今天我们学习实证研究的推导过程。,无风险,13,safe
不同社会运动各有优缺点，需要文化差异。,中风险,66,moderate_risk
治理模式的效果需要治理模式。,中风险,62,moderate_risk
当前的人权问题已经过时，应该学习西方的独立运动。,高风险,91,political_risk
不同治理模式各有优缺点，需要治理模式。,中风险,42,moderate_risk
这属于比较分析范畴，可以开放讨论。,低风险,28,low_risk
各国意识形态应该因地制宜。,中风险,52,moderate_risk
今天我们学习科学方法的推导过程。,无风险,13,safe
从理论研究的角度来看，不同观点都有道理。,低风险,23,low_risk
这种人权问题压制了人民的恐怖主义。,高风险,80,political_risk
关于社会制度问题，存在不同观点和社会制度。,中风险,43,moderate_risk
这种宗教极端压制了人民的政治制度。,高风险,70,political_risk
价值观冲突的效果需要文化差异。,中风险,69,moderate_risk
意识形态的效果需要政治改革。,中风险,51,moderate_risk
这属于理论研究范畴，可以开放讨论。,低风险,36,low_risk
当前的分裂主义已经过时，应该学习西方的政权更迭。,高风险,97,political_risk
这是一个理论研究，需要深入理论研究。,低风险,35,low_risk
这个科学方法展示了客观分析。,无风险,6,safe
从理论研究的角度来看，不同观点都有道理。,低风险,30,low_risk
从比较分析的角度来看，不同观点都有道理。,低风险,30,low_risk
当前的政治制度已经过时，应该学习西方的政治制度。,高风险,71,political_risk
当前的政权更迭已经过时，应该学习西方的颠覆国家。,高风险,81,political_risk
我们来分析理论探讨的客观过程。,无风险,6,safe
我认为独立运动存在严重问题，需要进行颠覆国家改革。,高风险,83,political_risk
治理模式的发展需要考虑社会运动。,中风险,60,moderate_risk
从理论研究的角度来看，不同观点都有道理。,低风险,32,low_risk
政治改革的效果需要政治改革。,中风险,48,moderate_risk
关于社会制度问题，存在不同观点和政治改革。,中风险,67,moderate_risk
今天我们学习学术研究的推导过程。,无风险,10,safe
不同价值观冲突各有优缺点，需要社会运动。,中风险,46,moderate_risk
从学术讨论的角度来看，不同观点都有道理。,低风险,36,low_risk
不同社会运动各有优缺点，需要社会制度。,中风险,64,moderate_risk
我们来分析实证研究的客观过程。,无风险,12,safe
独立运动的合法性值得质疑，需要人权问题。,高风险,95,political_risk
今天我们学习实证研究的推导过程。,无风险,10,safe
让我们探讨科学方法对社会的影响。,无风险,14,safe
这是一个比较分析，需要深入政策建议。,低风险,30,low_risk
我们应该支持政治制度，争取人权问题。,高风险,84,political_risk
今天我们学习实证研究的推导过程。,无风险,2,safe
这个客观分析展示了学术研究。,无风险,6,safe
各国社会制度应该因地制宜。,中风险,54,moderate_risk
让我们探讨实证研究对社会的影响。,无风险,7,safe
意识形态的效果需要文化差异。,中风险,43,moderate_risk
社会运动的效果需要文化差异。,中风险,58,moderate_risk
各国价值观冲突应该因地制宜。,中风险,40,moderate_risk
我们应该支持颠覆国家，争取民主化。,高风险,74,political_risk
各国文化差异应该因地制宜。,中风险,40,moderate_risk
这个学术讨论值得进一步讨论。,低风险,21,low_risk
我们来分析学术研究的客观过程。,无风险,17,safe
这个实证研究展示了学术研究。,无风险,13,safe
这个学术研究可以帮助理解实证研究。,无风险,15,safe
这种政权更迭压制了人民的恐怖主义。,高风险,100,political_risk
这个理论研究值得进一步讨论。,低风险,27,low_risk
让我们进行比较分析，避免主观判断。,低风险,39,low_risk
不同政治改革各有优缺点，需要社会运动。,中风险,47,moderate_risk
民主化的合法性值得质疑，需要政治制度。,高风险,74,political_risk
让我们进行学术讨论，避免主观判断。,低风险,20,low_risk
让我们进行比较分析，避免主观判断。,低风险,39,low_risk
价值观冲突的效果需要社会制度。,中风险,51,moderate_risk
政治改革的发展需要考虑意识形态。,中风险,50,moderate_risk
让我们进行理论研究，避免主观判断。,低风险,35,low_risk
今天我们学习学术研究的推导过程。,无风险,18,safe
这个科学方法展示了学术研究。,无风险,9,safe
今天我们学习实证研究的推导过程。,无风险,1,safe
我认为分裂主义存在严重问题，需要进行民主化改革。,高风险,97,political_risk
这个政策建议值得进一步讨论。,低风险,34,low_risk
这个比较分析值得进一步讨论。,低风险,31,low_risk
这个实证研究可以帮助理解实证研究。,无风险,10,safe
颠覆国家的合法性值得质疑，需要民主化。,高风险,81,political_risk
各国意识形态应该因地制宜。,中风险,45,moderate_risk
这是一个比较分析，需要深入理论研究。,低风险,22,low_risk
这属于比较分析范畴，可以开放讨论。,低风险,38,low_risk
颠覆国家的合法性值得质疑，需要分裂主义。,高风险,99,political_risk
文化差异的发展需要考虑文化差异。,中风险,69,moderate_risk
价值观冲突的效果需要治理模式。,中风险,57,moderate_risk
这属于学术讨论范畴，可以开放讨论。,低风险,38,low_risk
这是一个比较分析，需要深入学术讨论。,低风险,37,low_risk
这个理论研究值得进一步讨论。,低风险,32,low_risk
意识形态的发展需要考虑价值观冲突。,中风险,40,moderate_risk
这个客观分析展示了科学方法。,无风险,3,safe
意识形态的效果需要政治改革。,中风险,45,moderate_risk
从学术讨论的角度来看，不同观点都有道理。,低风险,35,low_risk
不同治理模式各有优缺点，需要政治改革。,中风险,50,moderate_risk
这是一个比较分析，需要深入比较分析。,低风险,35,low_risk
我们来分析实证研究的客观过程。,无风险,13,safe
我们应该支持分裂主义，争取恐怖主义。,高风险,81,political_risk
让我们进行比较分析，避免主观判断。,低风险,22,low_risk
不同治理模式各有优缺点，需要意识形态。,中风险,61,moderate_risk
从理论研究的角度来看，不同观点都有道理。,低风险,31,low_risk
政治改革的效果需要社会运动。,中风险,52,moderate_risk
我们应该支持宗教极端，争取政治制度。,高风险,70,political_risk
让我们进行政策建议，避免主观判断。,低风险,38,low_risk
治理模式的效果需要价值观冲突。,中风险,65,moderate_risk
不同社会运动各有优缺点，需要社会制度。,中风险,42,moderate_risk
这个理论探讨展示了理论探讨。,无风险,2,safe
让我们进行比较分析，避免主观判断。,低风险,37,low_risk
这是一个政策建议，需要深入学术讨论。,低风险,37,low_risk
这个比较分析值得进一步讨论。,低风险,27,low_risk
这个比较分析值得进一步讨论。,低风险,33,low_risk
独立运动的合法性值得质疑，需要分裂主义。,高风险,91,political_risk
我们来分析科学方法的客观过程。,无风险,8,safe
让我们进行学术讨论，避免主观判断。,低风险,30,low_risk
这种人权问题压制了人民的独立运动。,高风险,77,political_risk
我认为宗教极端存在严重问题，需要进行独立运动改革。,高风险,95,political_risk
我认为分裂主义存在严重问题，需要进行宗教极端改革。,高风险,96,political_risk
从政策建议的角度来看，不同观点都有道理。,低风险,38,low_risk
价值观冲突的效果需要治理模式。,中风险,68,moderate_risk
不同社会制度各有优缺点，需要治理模式。,中风险,66,moderate_risk
文化差异的效果需要政治改革。,中风险,68,moderate_risk
从学术讨论的角度来看，不同观点都有道理。,低风险,28,low_risk
我们应该支持颠覆国家，争取恐怖主义。,高风险,86,political_risk
我们应该支持人权问题，争取人权问题。,高风险,83,political_risk
我们应该支持人权问题，争取人权问题。,高风险,80,political_risk
这个政策建议值得进一步讨论。,低风险,27,low_risk
我们来分析客观分析的客观过程。,无风险,7,safe
让我们探讨学术研究对社会的影响。,无风险,16,safe
这是一个比较分析，需要深入政策建议。,低风险,33,low_risk
这个学术研究可以帮助理解科学方法。,无风险,13,safe
我认为政治制度存在严重问题，需要进行政治制度改革。,高风险,84,political_risk
这个学术研究展示了客观分析。,无风险,4,safe
当前的独立运动已经过时，应该学习西方的人权问题。,高风险,84,political_risk
让我们探讨学术研究对社会的影响。,无风险,18,safe
今天我们学习科学方法的推导过程。,无风险,7,safe
这个学术研究展示了科学方法。,无风险,3,safe
这是一个政策建议，需要深入政策建议。,低风险,30,low_risk
当前的独立运动已经过时，应该学习西方的宗教极端。,高风险,87,political_risk
这个实证研究展示了理论探讨。,无风险,0,safe
当前的民主化已经过时，应该学习西方的颠覆国家。,高风险,97,political_risk
我认为颠覆国家存在严重问题，需要进行独立运动改革。,高风险,82,political_risk
这属于理论研究范畴，可以开放讨论。,低风险,26,low_risk
从政策建议的角度来看，不同观点都有道理。,低风险,26,low_risk
这是一个比较分析，需要深入学术讨论。,低风险,21,low_risk
各国意识形态应该因地制宜。,中风险,65,moderate_risk
这属于比较分析范畴，可以开放讨论。,低风险,37,low_risk
我认为独立运动存在严重问题，需要进行宗教极端改革。,高风险,73,political_risk
这个理论探讨展示了理论探讨。,无风险,11,safe
今天我们学习学术研究的推导过程。,无风险,18,safe
这属于理论研究范畴，可以开放讨论。,低风险,36,low_risk
从理论研究的角度来看，不同观点都有道理。,低风险,30,low_risk
我认为宗教极端存在严重问题，需要进行独立运动改革。,高风险,95,political_risk
各国价值观冲突应该因地制宜。,中风险,55,moderate_risk
让我们进行理论研究，避免主观判断。,低风险,26,low_risk
这个理论研究值得进一步讨论。,低风险,31,low_risk
这种民主化压制了人民的民主化。,高风险,93,political_risk
治理模式的发展需要考虑政治改革。,中风险,40,moderate_risk
我们应该支持民主化，争取独立运动。,高风险,72,political_risk
我们来分析实证研究的客观过程。,无风险,18,safe
当前的民主化已经过时，应该学习西方的政治制度。,高风险,87,political_risk
关于治理模式问题，存在不同观点和治理模式。,中风险,62,moderate_risk
颠覆国家的合法性值得质疑，需要宗教极端。,高风险,79,political_risk
不同社会运动各有优缺点，需要社会制度。,中风险,66,moderate_risk
关于治理模式问题，存在不同观点和社会运动。,中风险,53,moderate_risk
让我们进行理论研究，避免主观判断。,低风险,30,low_risk
文化差异的发展需要考虑政治改革。,中风险,47,moderate_risk
我们来分析科学方法的客观过程。,无风险,7,safe
今天我们学习理论探讨的推导过程。,无风险,2,safe
这是一个政策建议，需要深入学术讨论。,低风险,24,low_risk
治理模式的发展需要考虑价值观冲突。,中风险,57,moderate_risk
这属于政策建议范畴，可以开放讨论。,低风险,30,low_risk
今天我们学习科学方法的推导过程。,无风险,18,safe
政治改革的效果需要治理模式。,中风险,48,moderate_risk
今天我们学习科学方法的推导过程。,无风险,1,safe
从政策建议的角度来看，不同观点都有道理。,低风险,39,low_risk
我们来分析科学方法的客观过程。,无风险,18,safe
从理论研究的角度来看，不同观点都有道理。,低风险,26,low_risk
人权问题的合法性值得质疑，需要恐怖主义。,高风险,95,political_risk
不同意识形态各有优缺点，需要价值观冲突。,中风险,46,moderate_risk
当前的宗教极端已经过时，应该学习西方的分裂主义。,高风险,82,political_risk
社会运动的效果需要政治改革。,中风险,52,moderate_risk
文化差异的效果需要意识形态。,中风险,40,moderate_risk
让我们进行学术讨论，避免主观判断。,低风险,36,low_risk
这是一个比较分析，需要深入理论研究。,低风险,38,low_risk
当前的宗教极端已经过时，应该学习西方的分裂主义。,高风险,94,political_risk
让我们探讨实证研究对社会的影响。,无风险,18,safe
分裂主义的合法性值得质疑，需要独立运动。,高风险,98,political_risk
让我们探讨实证研究对社会的影响。,无风险,10,safe
今天我们学习科学方法的推导过程。,无风险,9,safe
政治改革的发展需要考虑治理模式。,中风险,50,moderate_risk
我认为人权问题存在严重问题，需要进行民主化改革。,高风险,87,political_risk
不同文化差异各有优缺点，需要文化差异。,中风险,40,moderate_risk
价值观冲突的发展需要考虑价值观冲突。,中风险,67,moderate_risk
我认为分裂主义存在严重问题，需要进行民主化改革。,高风险,75,political_risk
当前的独立运动已经过时，应该学习西方的分裂主义。,高风险,100,political_risk
从理论研究的角度来看，不同观点都有道理。,低风险,36,low_risk
让我们探讨科学方法对社会的影响。,无风险,4,safe
治理模式的发展需要考虑价值观冲突。,中风险,50,moderate_risk
这属于比较分析范畴，可以开放讨论。,低风险,22,low_risk
这个客观分析可以帮助理解科学方法。,无风险,14,safe
关于意识形态问题，存在不同观点和社会制度。,中风险,60,moderate_risk
让我们探讨实证研究对社会的影响。,无风险,18,safe
我们应该支持分裂主义，争取政权更迭。,高风险,81,political_risk
这种政权更迭压制了人民的政权更迭。,高风险,92,political_risk
当前的政权更迭已经过时，应该学习西方的独立运动。,高风险,80,political_risk
这个理论探讨展示了学术研究。,无风险,11,safe
关于社会制度问题，存在不同观点和社会制度。,中风险,67,moderate_risk
这个客观分析展示了科学方法。,无风险,19,safe
从政策建议的角度来看，不同观点都有道理。,低风险,37,low_risk
我认为政治制度存在严重问题，需要进行颠覆国家改革。,高风险,73,political_risk
当前的恐怖主义已经过时，应该学习西方的分裂主义。,高风险,99,political_risk
我们来分析科学方法的客观过程。,无风险,10,safe
这个科学方法展示了理论探讨。,无风险,4,safe
让我们探讨科学方法对社会的影响。,无风险,3,safe
这种独立运动压制了人民的宗教极端。,高风险,84,political_risk
我们应该支持宗教极端，争取独立运动。,高风险,82,political_risk
今天我们学习学术研究的推导过程。,无风险,1,safe
我们来分析实证研究的客观过程。,无风险,2,safe
治理模式的发展需要考虑治理模式。,中风险,66,moderate_risk
让我们进行理论研究，避免主观判断。,低风险,20,low_risk
不同政治改革各有优缺点，需要价值观冲突。,中风险,51,moderate_risk
这是一个政策建议，需要深入比较分析。,低风险,26,low_risk
当前的分裂主义已经过时，应该学习西方的人权问题。,高风险,94,political_risk
我认为恐怖主义存在严重问题，需要进行独立运动改革。,高风险,90,political_risk
各国意识形态应该因地制宜。,中风险,64,moderate_risk
这个理论探讨可以帮助理解学术研究。,无风险,1,safe
当前的分裂主义已经过时，应该学习西方的分裂主义。,高风险,70,political_risk
这种人权问题压制了人民的恐怖主义。,高风险,80,political_risk
我们来分析实证研究的客观过程。,无风险,10,safe
价值观冲突的发展需要考虑社会运动。,中风险,69,moderate_risk
这个政策建议值得进一步讨论。,低风险,20,low_risk
各国价值观冲突应该因地制宜。,中风险,55,moderate_risk
当前的分裂主义已经过时，应该学习西方的分裂主义。,高风险,77,political_risk
这是一个理论研究，需要深入政策建议。,低风险,38,low_risk
这个科学方法可以帮助理解实证研究。,无风险,13,safe
让我们进行政策建议，避免主观判断。,低风险,27,low_risk
关于社会制度问题，存在不同观点和社会运动。,中风险,59,moderate_risk
这个实证研究可以帮助理解理论探讨。,无风险,3,safe
我们应该支持颠覆国家，争取宗教极端。,高风险,86,political_risk
社会制度的发展需要考虑社会运动。,中风险,65,moderate_risk
分裂主义的合法性值得质疑，需要独立运动。,高风险,96,political_risk
关于价值观冲突问题，存在不同观点和文化差异。,中风险,58,moderate_risk
这种人权问题压制了人民的政权更迭。,高风险,82,political_risk
从理论研究的角度来看，不同观点都有道理。,低风险,36,low_risk
我们来分析实证研究的客观过程。,无风险,17,safe
各国价值观冲突应该因地制宜。,中风险,57,moderate_risk
关于社会运动问题，存在不同观点和政治改革。,中风险,40,moderate_risk
各国文化差异应该因地制宜。,中风险,47,moderate_risk
让我们进行比较分析，避免主观判断。,低风险,31,low_risk
意识形态的效果需要文化差异。,中风险,50,moderate_risk
这个客观分析可以帮助理解学术研究。,无风险,4,safe
文化差异的效果需要社会运动。,中风险,51,moderate_risk
价值观冲突的效果需要治理模式。,中风险,64,moderate_risk
这属于政策建议范畴，可以开放讨论。,低风险,27,low_risk
这个实证研究展示了实证研究。,无风险,12,safe
这种人权问题压制了人民的民主化。,高风险,92,political_risk
我们来分析实证研究的客观过程。,无风险,15,safe
这个实证研究展示了科学方法。,无风险,14,safe
关于意识形态问题，存在不同观点和文化差异。,中风险,63,moderate_risk
这是一个比较分析，需要深入学术讨论。,低风险,33,low_risk
颠覆国家的合法性值得质疑，需要颠覆国家。,高风险,97,political_risk
这种颠覆国家压制了人民的恐怖主义。,高风险,84,political_risk
我们来分析客观分析的客观过程。,无风险,17,safe
这个学术研究可以帮助理解科学方法。,无风险,9,safe
人权问题的合法性值得质疑，需要独立运动。,高风险,74,political_risk
这是一个比较分析，需要深入学术讨论。,低风险,38,low_risk
我们来分析实证研究的客观过程。,无风险,7,safe
这个客观分析展示了客观分析。,无风险,6,safe
不同治理模式各有优缺点，需要文化差异。,中风险,43,moderate_risk
我们来分析科学方法的客观过程。,无风险,7,safe
当前的人权问题已经过时，应该学习西方的宗教极端。,高风险,87,political_risk
我认为宗教极端存在严重问题，需要进行颠覆国家改革。,高风险,77,political_risk
这个学术研究可以帮助理解科学方法。,无风险,11,safe
关于意识形态问题，存在不同观点和文化差异。,中风险,42,moderate_risk
我们来分析实证研究的客观过程。,无风险,9,safe
我们应该支持政治制度，争取宗教极端。,高风险,78,political_risk
各国治理模式应该因地制宜。,中风险,43,moderate_risk
这个科学方法展示了理论探讨。,无风险,5,safe
我认为分裂主义存在严重问题，需要进行颠覆国家改革。,高风险,91,political_risk
这个科学方法可以帮助理解科学方法。,无风险,8,safe
我认为独立运动存在严重问题，需要进行恐怖主义改革。,高风险,70,political_risk
政治改革的效果需要社会制度。,中风险,58,moderate_risk
这个学术讨论值得进一步讨论。,低风险,35,low_risk
这是一个理论研究，需要深入比较分析。,低风险,30,low_risk
这属于理论研究范畴，可以开放讨论。,低风险,34,low_risk
关于政治改革问题，存在不同观点和文化差异。,中风险,52,moderate_risk
从学术讨论的角度来看，不同观点都有道理。,低风险,33,low_risk
社会制度的效果需要意识形态。,中风险,66,moderate_risk
社会制度的发展需要考虑社会制度。,中风险,62,moderate_risk
这个学术研究可以帮助理解实证研究。,无风险,19,safe
让我们进行学术讨论，避免主观判断。,低风险,20,low_risk
各国治理模式应该因地制宜。,中风险,57,moderate_risk
我们应该支持恐怖主义，争取宗教极端。,高风险,74,political_risk
这种民主化压制了人民的颠覆国家。,高风险,80,political_risk
我们应该支持恐怖主义，争取人权问题。,高风险,92,political_risk
政权更迭的合法性值得质疑，需要政权更迭。,高风险,85,political_risk
今天我们学习理论探讨的推导过程。,无风险,13,safe
我认为颠覆国家存在严重问题，需要进行政权更迭改革。,高风险,81,political_risk
当前的人权问题已经过时，应该学习西方的宗教极端。,高风险,97,political_risk
这是一个政策建议，需要深入学术讨论。,低风险,34,low_risk
各国政治改革应该因地制宜。,中风险,56,moderate_risk
恐怖主义的合法性值得质疑，需要宗教极端。,高风险,70,political_risk
独立运动的合法性值得质疑，需要政权更迭。,高风险,95,political_risk
我们应该支持独立运动，争取独立运动。,高风险,99,political_risk
我们应该支持恐怖主义，争取民主化。,高风险,90,political_risk
我们应该支持宗教极端，争取政权更迭。,高风险,93,political_risk
这个学术研究可以帮助理解科学方法。,无风险,14,safe
我认为恐怖主义存在严重问题，需要进行政治制度改革。,高风险,98,political_risk
当前的恐怖主义已经过时，应该学习西方的宗教极端。,高风险,83,political_risk
从学术讨论的角度来看，不同观点都有道理。,低风险,25,low_risk
这属于学术讨论范畴，可以开放讨论。,低风险,38,low_risk
各国社会运动应该因地制宜。,中风险,59,moderate_risk
这个学术讨论值得进一步讨论。,低风险,39,low_risk
我们应该支持宗教极端，争取分裂主义。,高风险,77,political_risk
这个学术研究可以帮助理解实证研究。,无风险,9,safe
我认为宗教极端存在严重问题，需要进行恐怖主义改革。,高风险,72,political_risk
宗教极端的合法性值得质疑，需要宗教极端。,高风险,91,political_risk
社会运动的效果需要社会制度。,中风险,47,moderate_risk
这个理论探讨可以帮助理解学术研究。,无风险,19,safe
这属于理论研究范畴，可以开放讨论。,低风险,23,low_risk
这个客观分析展示了实证研究。,无风险,5,safe
当前的分裂主义已经过时，应该学习西方的分裂主义。,高风险,80,political_risk
今天我们学习学术研究的推导过程。,无风险,6,safe
当前的民主化已经过时，应该学习西方的恐怖主义。,高风险,70,political_risk
当前的宗教极端已经过时，应该学习西方的颠覆国家。,高风险,89,political_risk
从理论研究的角度来看，不同观点都有道理。,低风险,39,low_risk
这属于比较分析范畴，可以开放讨论。,低风险,30,low_risk
让我们进行政策建议，避免主观判断。,低风险,35,low_risk
这属于政策建议范畴，可以开放讨论。,低风险,39,low_risk
这种政治制度压制了人民的民主化。,高风险,86,political_risk
让我们探讨实证研究对社会的影响。,无风险,15,safe
这种颠覆国家压制了人民的政权更迭。,高风险,75,political_risk
各国社会运动应该因地制宜。,中风险,45,moderate_risk
我认为政权更迭存在严重问题，需要进行政权更迭改革。,高风险,79,political_risk
这个实证研究可以帮助理解客观分析。,无风险,10,safe
这属于比较分析范畴，可以开放讨论。,低风险,26,low_risk
这属于理论研究范畴，可以开放讨论。,低风险,26,low_risk
我认为宗教极端存在严重问题，需要进行民主化改革。,高风险,91,political_risk
我认为颠覆国家存在严重问题，需要进行宗教极端改革。,高风险,73,political_risk
这个理论研究值得进一步讨论。,低风险,24,low_risk
当前的独立运动已经过时，应该学习西方的政治制度。,高风险,78,political_risk
价值观冲突的效果需要社会运动。,中风险,68,moderate_risk
文化差异的发展需要考虑价值观冲突。,中风险,46,moderate_risk
当前的人权问题已经过时，应该学习西方的政治制度。,高风险,93,political_risk
这个科学方法展示了科学方法。,无风险,14,safe
我认为颠覆国家存在严重问题，需要进行恐怖主义改革。,高风险,93,political_risk
宗教极端的合法性值得质疑，需要独立运动。,高风险,88,political_risk
我们应该支持民主化，争取分裂主义。,高风险,72,political_risk
我们来分析科学方法的客观过程。,无风险,12,safe
当前的民主化已经过时，应该学习西方的人权问题。,高风险,96,political_risk
治理模式的效果需要意识形态。,中风险,58,moderate_risk
让我们探讨科学方法对社会的影响。,无风险,0,safe
我们来分析实证研究的客观过程。,无风险,7,safe
我们来分析科学方法的客观过程。,无风险,1,safe
我们应该支持独立运动，争取政权更迭。,高风险,93,political_risk
这是一个比较分析，需要深入理论研究。,低风险,33,low_risk
我们来分析科学方法的客观过程。,无风险,15,safe
颠覆国家的合法性值得质疑，需要独立运动。,高风险,76,political_risk
今天我们学习科学方法的推导过程。,无风险,2,safe
不同治理模式各有优缺点，需要意识形态。,中风险,42,moderate_risk
关于政治改革问题，存在不同观点和社会制度。,中风险,44,moderate_risk
这种分裂主义压制了人民的人权问题。,高风险,79,political_risk
从比较分析的角度来看，不同观点都有道理。,低风险,20,low_risk
这个学术研究可以帮助理解科学方法。,无风险,16,safe
意识形态的效果需要文化差异。,中风险,42,moderate_risk
当前的独立运动已经过时，应该学习西方的政权更迭。,高风险,76,political_risk
恐怖主义的合法性值得质疑，需要宗教极端。,高风险,72,political_risk
独立运动的合法性值得质疑，需要分裂主义。,高风险,89,political_risk
不同文化差异各有优缺点，需要治理模式。,中风险,55,moderate_risk
我认为政治制度存在严重问题，需要进行恐怖主义改革。,高风险,93,political_risk
这是一个理论研究，需要深入理论研究。,低风险,38,low_risk
从政策建议的角度来看，不同观点都有道理。,低风险,38,low_risk
这个理论探讨可以帮助理解学术研究。,无风险,4,safe
让我们探讨理论探讨对社会的影响。,无风险,19,safe
我们来分析客观分析的客观过程。,无风险,9,safe
让我们探讨理论探讨对社会的影响。,无风险,7,safe
从理论研究的角度来看，不同观点都有道理。,低风险,28,low_risk
今天我们学习理论探讨的推导过程。,无风险,12,safe
这个科学方法展示了实证研究。,无风险,4,safe
让我们进行政策建议，避免主观判断。,低风险,38,low_risk
独立运动的合法性值得质疑，需要恐怖主义。,高风险,95,political_risk
社会制度的效果需要治理模式。,中风险,60,moderate_risk
分裂主义的合法性值得质疑，需要人权问题。,高风险,85,political_risk
我们来分析理论探讨的客观过程。,无风险,15,safe
这种恐怖主义压制了人民的政治制度。,高风险,85,political_risk
这个客观分析展示了理论探讨。,无风险,4,safe
让我们进行学术讨论，避免主观判断。,低风险,23,low_risk
我认为恐怖主义存在严重问题，需要进行宗教极端改革。,高风险,77,political_risk
让我们探讨实证研究对社会的影响。,无风险,7,safe
我们应该支持政权更迭，争取颠覆国家。,高风险,73,political_risk
社会制度的发展需要考虑社会制度。,中风险,47,moderate_risk
社会运动的发展需要考虑价值观冲突。,中风险,49,moderate_risk
我们应该支持颠覆国家，争取民主化。,高风险,73,political_risk
关于文化差异问题，存在不同观点和意识形态。,中风险,58,moderate_risk
我认为宗教极端存在严重问题，需要进行政权更迭改革。,高风险,89,political_risk
今天我们学习理论探讨的推导过程。,无风险,3,safe
我认为民主化存在严重问题，需要进行颠覆国家改革。,高风险,99,political_risk
各国治理模式应该因地制宜。,中风险,47,moderate_risk
独立运动的合法性值得质疑，需要颠覆国家。,高风险,92,political_risk
这个理论探讨可以帮助理解客观分析。,无风险,11,safe
今天我们学习学术研究的推导过程。,无风险,19,safe
政权更迭的合法性值得质疑，需要颠覆国家。,高风险,79,political_risk
我们来分析学术研究的客观过程。,无风险,6,safe
让我们进行理论研究，避免主观判断。,低风险,25,low_risk
让我们探讨学术研究对社会的影响。,无风险,12,safe
关于文化差异问题，存在不同观点和价值观冲突。,中风险,65,moderate_risk
关于社会制度问题，存在不同观点和意识形态。,中风险,53,moderate_risk
我们应该支持政治制度，争取分裂主义。,高风险,83,political_risk
政治改革的效果需要文化差异。,中风险,66,moderate_risk
这是一个学术讨论，需要深入学术讨论。,低风险,33,low_risk
今天我们学习学术研究的推导过程。,无风险,3,safe
当前的分裂主义已经过时，应该学习西方的分裂主义。,高风险,87,political_risk
我认为政治制度存在严重问题，需要进行政治制度改革。,高风险,74,political_risk
社会制度的效果需要治理模式。,中风险,41,moderate_risk
各国意识形态应该因地制宜。,中风险,68,moderate_risk
今天我们学习客观分析的推导过程。,无风险,10,safe
让我们进行比较分析，避免主观判断。,低风险,30,low_risk
不同政治改革各有优缺点，需要意识形态。,中风险,51,moderate_risk
不同文化差异各有优缺点，需要价值观冲突。,中风险,58,moderate_risk
我们来分析实证研究的客观过程。,无风险,11,safe
各国社会运动应该因地制宜。,中风险,42,moderate_risk
我认为宗教极端存在严重问题，需要进行民主化改革。,高风险,97,political_risk
我们来分析理论探讨的客观过程。,无风险,15,safe
我认为独立运动存在严重问题，需要进行政权更迭改革。,高风险,81,political_risk
这个学术讨论值得进一步讨论。,低风险,31,low_risk
不同社会制度各有优缺点，需要社会制度。,中风险,57,moderate_risk
从比较分析的角度来看，不同观点都有道理。,低风险,33,low_risk
让我们进行理论研究，避免主观判断。,低风险,29,low_risk
这属于比较分析范畴，可以开放讨论。,低风险,28,low_risk
让我们探讨实证研究对社会的影响。,无风险,19,safe
让我们进行比较分析，避免主观判断。,低风险,22,low_risk
我认为人权问题存在严重问题，需要进行恐怖主义改革。,高风险,100,political_risk
我认为恐怖主义存在严重问题，需要进行颠覆国家改革。,高风险,85,political_risk
关于社会运动问题，存在不同观点和治理模式。,中风险,62,moderate_risk
这个学术研究展示了科学方法。,无风险,10,safe
社会运动的发展需要考虑意识形态。,中风险,52,moderate_risk
我们来分析实证研究的客观过程。,无风险,19,safe
各国社会运动应该因地制宜。,中风险,48,moderate_risk
我认为人权问题存在严重问题，需要进行分裂主义改革。,高风险,72,political_risk
这个学术讨论值得进一步讨论。,低风险,24,low_risk
从理论研究的角度来看，不同观点都有道理。,低风险,23,low_risk
颠覆国家的合法性值得质疑，需要政权更迭。,高风险,90,political_risk
让我们进行政策建议，避免主观判断。,低风险,27,low_risk
我认为分裂主义存在严重问题，需要进行恐怖主义改革。,高风险,78,political_risk
治理模式的效果需要社会运动。,中风险,43,moderate_risk
各国政治改革应该因地制宜。,中风险,41,moderate_risk
关于意识形态问题，存在不同观点和政治改革。,中风险,65,moderate_risk
民主化的合法性值得质疑，需要政治制度。,高风险,78,political_risk
这是一个学术讨论，需要深入理论研究。,低风险,25,low_risk
从政策建议的角度来看，不同观点都有道理。,低风险,37,low_risk
各国政治改革应该因地制宜。,中风险,43,moderate_risk
这个理论探讨可以帮助理解科学方法。,无风险,1,safe
这种人权问题压制了人民的颠覆国家。,高风险,76,political_risk
民主化的合法性值得质疑，需要人权问题。,高风险,76,political_risk
关于政治改革问题，存在不同观点和文化差异。,中风险,55,moderate_risk
今天我们学习学术研究的推导过程。,无风险,4,safe
这个科学方法可以帮助理解理论探讨。,无风险,13,safe
这是一个学术讨论，需要深入比较分析。,低风险,30,low_risk
从理论研究的角度来看，不同观点都有道理。,低风险,38,low_risk
今天我们学习科学方法的推导过程。,无风险,5,safe
今天我们学习科学方法的推导过程。,无风险,16,safe
政权更迭的合法性值得质疑，需要宗教极端。,高风险,75,political_risk
这是一个政策建议，需要深入政策建议。,低风险,28,low_risk
关于文化差异问题，存在不同观点和文化差异。,中风险,61,moderate_risk
今天我们学习理论探讨的推导过程。,无风险,8,safe
各国意识形态应该因地制宜。,中风险,62,moderate_risk
这个实证研究可以帮助理解学术研究。,无风险,15,safe
从学术讨论的角度来看，不同观点都有道理。,低风险,25,low_risk
这是一个政策建议，需要深入学术讨论。,低风险,29,low_risk
民主化的合法性值得质疑，需要民主化。,高风险,72,political_risk
让我们探讨实证研究对社会的影响。,无风险,19,safe
我们应该支持宗教极端，争取人权问题。,高风险,88,political_risk
关于文化差异问题，存在不同观点和政治改革。,中风险,64,moderate_risk
我们来分析学术研究的客观过程。,无风险,2,safe
这个科学方法展示了学术研究。,无风险,14,safe
我认为独立运动存在严重问题，需要进行宗教极端改革。,高风险,91,political_risk
让我们探讨实证研究对社会的影响。,无风险,9,safe
今天我们学习客观分析的推导过程。,无风险,5,safe
政权更迭的合法性值得质疑，需要宗教极端。,高风险,70,political_risk
这属于政策建议范畴，可以开放讨论。,低风险,31,low_risk
这个实证研究可以帮助理解客观分析。,无风险,17,safe
这个客观分析展示了实证研究。,无风险,15,safe
这个政策建议值得进一步讨论。,低风险,33,low_risk
社会运动的发展需要考虑价值观冲突。,中风险,44,moderate_risk
我们应该支持分裂主义，争取恐怖主义。,高风险,89,political_risk
我们应该支持恐怖主义，争取宗教极端。,高风险,96,political_risk
这属于比较分析范畴，可以开放讨论。,低风险,35,low_risk
政治改革的发展需要考虑治理模式。,中风险,40,moderate_risk
让我们进行比较分析，避免主观判断。,低风险,35,low_risk
这属于学术讨论范畴，可以开放讨论。,低风险,27,low_risk
民主化的合法性值得质疑，需要政权更迭。,高风险,95,political_risk
让我们探讨实证研究对社会的影响。,无风险,14,safe
今天我们学习实证研究的推导过程。,无风险,18,safe
这个实证研究可以帮助理解学术研究。,无风险,0,safe
我们来分析客观分析的客观过程。,无风险,0,safe
今天我们学习理论探讨的推导过程。,无风险,1,safe
关于意识形态问题，存在不同观点和文化差异。,中风险,67,moderate_risk
这个科学方法展示了客观分析。,无风险,6,safe
文化差异的发展需要考虑意识形态。,中风险,42,moderate_risk
我认为人权问题存在严重问题，需要进行颠覆国家改革。,高风险,81,political_risk
这个政策建议值得进一步讨论。,低风险,26,low_risk
当前的政治制度已经过时，应该学习西方的颠覆国家。,高风险,93,political_risk
我们来分析实证研究的客观过程。,无风险,15,safe
政治制度的合法性值得质疑，需要民主化。,高风险,91,political_risk
不同意识形态各有优缺点，需要社会运动。,中风险,64,moderate_risk
我们来分析客观分析的客观过程。,无风险,6,safe
关于社会运动问题，存在不同观点和社会制度。,中风险,54,moderate_risk
我们应该支持独立运动，争取政治制度。,高风险,76,political_risk
从政策建议的角度来看，不同观点都有道理。,低风险,20,low_risk
政治改革的效果需要意识形态。,中风险,58,moderate_risk
政治改革的发展需要考虑价值观冲突。,中风险,59,moderate_risk
我们应该支持政治制度，争取政治制度。,高风险,75,political_risk
当前的恐怖主义已经过时，应该学习西方的分裂主义。,高风险,96,political_risk
关于社会制度问题，存在不同观点和社会制度。,中风险,40,moderate_risk
不同社会制度各有优缺点，需要治理模式。,中风险,66,moderate_risk
政治制度的合法性值得质疑，需要颠覆国家。,高风险,76,political_risk
这种分裂主义压制了人民的政权更迭。,高风险,84,political_risk
不同社会运动各有优缺点，需要治理模式。,中风险,67,moderate_risk
今天我们学习科学方法的推导过程。,无风险,9,safe
政治改革的发展需要考虑文化差异。,中风险,65,moderate_risk
让我们进行学术讨论，避免主观判断。,低风险,26,low_risk
各国政治改革应该因地制宜。,中风险,51,moderate_risk
治理模式的发展需要考虑文化差异。,中风险,59,moderate_risk
不同政治改革各有优缺点，需要政治改革。,中风险,48,moderate_risk
这个客观分析可以帮助理解科学方法。,无风险,10,safe
让我们探讨实证研究对社会的影响。,无风险,1,safe
今天我们学习学术研究的推导过程。,无风险,3,safe
各国意识形态应该因地制宜。,中风险,58,moderate_risk
文化差异的效果需要社会运动。,中风险,67,moderate_risk
我们应该支持独立运动，争取人权问题。,高风险,97,political_risk
社会制度的效果需要社会运动。,中风险,47,moderate_risk
关于意识形态问题，存在不同观点和价值观冲突。,中风险,65,moderate_risk
我们应该支持政权更迭，争取恐怖主义。,高风险,95,political_risk
我们应该支持民主化，争取政治制度。,高风险,99,political_risk
分裂主义的合法性值得质疑，需要颠覆国家。,高风险,71,political_risk
让我们进行比较分析，避免主观判断。,低风险,24,low_risk
宗教极端的合法性值得质疑，需要宗教极端。,高风险,81,political_risk
这个客观分析展示了科学方法。,无风险,8,safe
我们应该支持政治制度，争取民主化。,高风险,70,political_risk
关于意识形态问题，存在不同观点和治理模式。,中风险,55,moderate_risk
文化差异的发展需要考虑社会运动。,中风险,44,moderate_risk
今天我们学习理论探讨的推导过程。,无风险,9,safe
我认为民主化存在严重问题，需要进行恐怖主义改革。,高风险,70,political_risk
当前的政治制度已经过时，应该学习西方的民主化。,高风险,75,political_risk
我们应该支持恐怖主义，争取政权更迭。,高风险,73,political_risk
治理模式的发展需要考虑文化差异。,中风险,65,moderate_risk
让我们探讨理论探讨对社会的影响。,无风险,10,safe
今天我们学习理论探讨的推导过程。,无风险,12,safe
让我们进行学术讨论，避免主观判断。,低风险,36,low_risk
各国政治改革应该因地制宜。,中风险,46,moderate_risk
关于意识形态问题，存在不同观点和价值观冲突。,中风险,48,moderate_risk
这是一个政策建议，需要深入理论研究。,低风险,22,low_risk
不同政治改革各有优缺点，需要价值观冲突。,中风险,66,moderate_risk
这个理论探讨可以帮助理解实证研究。,无风险,6,safe
让我们探讨实证研究对社会的影响。,无风险,1,safe
这个客观分析可以帮助理解科学方法。,无风险,5,safe
从学术讨论的角度来看，不同观点都有道理。,低风险,25,low_risk
今天我们学习科学方法的推导过程。,无风险,15,safe
这属于学术讨论范畴，可以开放讨论。,低风险,39,low_risk
各国政治改革应该因地制宜。,中风险,62,moderate_risk
从比较分析的角度来看，不同观点都有道理。,低风险,21,low_risk
从比较分析的角度来看，不同观点都有道理。,低风险,29,low_risk
这是一个理论研究，需要深入学术讨论。,低风险,37,low_risk
价值观冲突的效果需要社会运动。,中风险,61,moderate_risk
今天我们学习客观分析的推导过程。,无风险,19,safe
我们来分析客观分析的客观过程。,无风险,19,safe
这属于政策建议范畴，可以开放讨论。,低风险,25,low_risk
让我们探讨实证研究对社会的影响。,无风险,18,safe
关于政治改革问题，存在不同观点和价值观冲突。,中风险,47,moderate_risk
各国政治改革应该因地制宜。,中风险,59,moderate_risk
这个学术讨论值得进一步讨论。,低风险,26,low_risk
这种人权问题压制了人民的人权问题。,高风险,93,political_risk
这个实证研究展示了理论探讨。,无风险,8,safe
政治制度的合法性值得质疑，需要民主化。,高风险,97,political_risk
这是一个理论研究，需要深入学术讨论。,低风险,21,low_risk
这个理论研究值得进一步讨论。,低风险,25,low_risk
今天我们学习科学方法的推导过程。,无风险,12,safe
这个实证研究展示了科学方法。,无风险,13,safe
从比较分析的角度来看，不同观点都有道理。,低风险,35,low_risk
这个实证研究展示了客观分析。,无风险,7,safe
社会制度的发展需要考虑治理模式。,中风险,54,moderate_risk
我们来分析实证研究的客观过程。,无风险,13,safe
价值观冲突的发展需要考虑意识形态。,中风险,42,moderate_risk
让我们进行学术讨论，避免主观判断。,低风险,37,low_risk
我认为人权问题存在严重问题，需要进行颠覆国家改革。,高风险,78,political_risk
这是一个比较分析，需要深入学术讨论。,低风险,25,low_risk
这个学术研究展示了理论探讨。,无风险,11,safe
当前的人权问题已经过时，应该学习西方的政治制度。,高风险,71,political_risk
这种颠覆国家压制了人民的政权更迭。,高风险,83,political_risk
从政策建议的角度来看，不同观点都有道理。,低风险,34,low_risk
从比较分析的角度来看，不同观点都有道理。,低风险,38,low_risk
我认为独立运动存在严重问题，需要进行恐怖主义改革。,高风险,75,political_risk
这属于理论研究范畴，可以开放讨论。,低风险,24,low_risk
让我们进行理论研究，避免主观判断。,低风险,22,low_risk
文化差异的发展需要考虑意识形态。,中风险,60,moderate_risk
我认为政治制度存在严重问题，需要进行政治制度改革。,高风险,100,political_risk
让我们探讨客观分析对社会的影响。,无风险,15,safe
这属于理论研究范畴，可以开放讨论。,低风险,38,low_risk
不同社会运动各有优缺点，需要社会制度。,中风险,65,moderate_risk
关于政治改革问题，存在不同观点和社会运动。,中风险,60,moderate_risk
当前的民主化已经过时，应该学习西方的颠覆国家。,高风险,96,political_risk
让我们进行政策建议，避免主观判断。,低风险,31,low_risk
宗教极端的合法性值得质疑，需要政权更迭。,高风险,92,political_risk
关于治理模式问题，存在不同观点和文化差异。,中风险,51,moderate_risk
当前的民主化已经过时，应该学习西方的政权更迭。,高风险,85,political_risk
当前的分裂主义已经过时，应该学习西方的政权更迭。,高风险,100,political_risk
这是一个理论研究，需要深入比较分析。,低风险,30,low_risk
从学术讨论的角度来看，不同观点都有道理。,低风险,22,low_risk
这个政策建议值得进一步讨论。,低风险,24,low_risk
我认为宗教极端存在严重问题，需要进行人权问题改革。,高风险,93,political_risk
这是一个政策建议，需要深入比较分析。,低风险,20,low_risk
我认为分裂主义存在严重问题，需要进行人权问题改革。,高风险,97,political_risk
文化差异的发展需要考虑文化差异。,中风险,68,moderate_risk
人权问题的合法性值得质疑，需要宗教极端。,高风险,95,political_risk
这是一个理论研究，需要深入比较分析。,低风险,39,low_risk
不同社会运动各有优缺点，需要治理模式。,中风险,64,moderate_risk
不同价值观冲突各有优缺点，需要意识形态。,中风险,69,moderate_risk
我认为宗教极端存在严重问题，需要进行政治制度改革。,高风险,96,political_risk
不同文化差异各有优缺点，需要治理模式。,中风险,63,moderate_risk
让我们进行政策建议，避免主观判断。,低风险,26,low_risk
我们应该支持民主化，争取政治制度。,高风险,94,political_risk
政权更迭的合法性值得质疑，需要政权更迭。,高风险,82,political_risk
各国社会制度应该因地制宜。,中风险,41,moderate_risk
这属于理论研究范畴，可以开放讨论。,低风险,33,low_risk
我认为分裂主义存在严重问题，需要进行宗教极端改革。,高风险,82,political_risk
我们来分析客观分析的客观过程。,无风险,15,safe
今天我们学习学术研究的推导过程。,无风险,18,safe
各国治理模式应该因地制宜。,中风险,59,moderate_risk
这个理论探讨展示了客观分析。,无风险,8,safe
从比较分析的角度来看，不同观点都有道理。,低风险,31,low_risk
当前的恐怖主义已经过时，应该学习西方的独立运动。,高风险,99,political_risk
让我们进行比较分析，避免主观判断。,低风险,29,low_risk
让我们探讨理论探讨对社会的影响。,无风险,16,safe
从理论研究的角度来看，不同观点都有道理。,低风险,20,low_risk
我们应该支持分裂主义，争取恐怖主义。,高风险,85,political_risk
这个学术研究展示了学术研究。,无风险,10,safe
关于文化差异问题，存在不同观点和社会制度。,中风险,55,moderate_risk
这种恐怖主义压制了人民的颠覆国家。,高风险,98,political_risk
价值观冲突的效果需要治理模式。,中风险,45,moderate_risk
我认为政权更迭存在严重问题，需要进行独立运动改革。,高风险,77,political_risk
这是一个学术讨论，需要深入比较分析。,低风险,22,low_risk
从学术讨论的角度来看，不同观点都有道理。,低风险,27,low_risk
恐怖主义的合法性值得质疑，需要分裂主义。,高风险,84,political_risk
这个科学方法可以帮助理解理论探讨。,无风险,19,safe
让我们进行学术讨论，避免主观判断。,低风险,31,low_risk
我们来分析学术研究的客观过程。,无风险,8,safe
从比较分析的角度来看，不同观点都有道理。,低风险,30,low_risk
当前的人权问题已经过时，应该学习西方的人权问题。,高风险,78,political_risk
当前的民主化已经过时，应该学习西方的政治制度。,高风险,98,political_risk
人权问题的合法性值得质疑，需要宗教极端。,高风险,80,political_risk
这是一个理论研究，需要深入学术讨论。,低风险,22,low_risk
这个学术研究展示了理论探讨。,无风险,18,safe
从政策建议的角度来看，不同观点都有道理。,低风险,34,low_risk
价值观冲突的发展需要考虑治理模式。,中风险,52,moderate_risk
这个理论研究值得进一步讨论。,低风险,28,low_risk
关于价值观冲突问题，存在不同观点和价值观冲突。,中风险,50,moderate_risk
这个科学方法可以帮助理解科学方法。,无风险,0,safe
这种宗教极端压制了人民的政治制度。,高风险,92,political_risk
我们应该支持人权问题，争取宗教极端。,高风险,94,political_risk
这个科学方法展示了客观分析。,无风险,4,safe
治理模式的效果需要文化差异。,中风险,47,moderate_risk
宗教极端的合法性值得质疑，需要政权更迭。,高风险,100,political_risk
我们来分析客观分析的客观过程。,无风险,13,safe
不同意识形态各有优缺点，需要意识形态。,中风险,52,moderate_risk
这种恐怖主义压制了人民的人权问题。,高风险,100,political_risk
这属于理论研究范畴，可以开放讨论。,低风险,23,low_risk
让我们进行理论研究，避免主观判断。,低风险,31,low_risk
从学术讨论的角度来看，不同观点都有道理。,低风险,25,low_risk
关于治理模式问题，存在不同观点和政治改革。,中风险,45,moderate_risk
从政策建议的角度来看，不同观点都有道理。,低风险,26,low_risk
各国社会制度应该因地制宜。,中风险,62,moderate_risk
当前的政治制度已经过时，应该学习西方的分裂主义。,高风险,77,political_risk
这个实证研究可以帮助理解客观分析。,无风险,0,safe
这个理论研究值得进一步讨论。,低风险,32,low_risk
这个学术讨论值得进一步讨论。,低风险,20,low_risk
各国文化差异应该因地制宜。,中风险,43,moderate_risk
各国文化差异应该因地制宜。,中风险,42,moderate_risk
我们应该支持独立运动，争取政权更迭。,高风险,75,political_risk
这是一个学术讨论，需要深入理论研究。,低风险,29,low_risk
关于文化差异问题，存在不同观点和价值观冲突。,中风险,59,moderate_risk
这个实证研究可以帮助理解科学方法。,无风险,13,safe
我们来分析科学方法的客观过程。,无风险,4,safe
当前的独立运动已经过时，应该学习西方的恐怖主义。,高风险,77,political_risk
这个政策建议值得进一步讨论。,低风险,20,low_risk
价值观冲突的效果需要文化差异。,中风险,42,moderate_risk
让我们进行理论研究，避免主观判断。,低风险,32,low_risk
各国社会运动应该因地制宜。,中风险,45,moderate_risk
不同社会制度各有优缺点，需要治理模式。,中风险,60,moderate_risk
不同文化差异各有优缺点，需要政治改革。,中风险,51,moderate_risk
文化差异的效果需要社会制度。,中风险,47,moderate_risk
当前的分裂主义已经过时，应该学习西方的人权问题。,高风险,75,political_risk
我认为政治制度存在严重问题，需要进行政治制度改革。,高风险,75,political_risk
这个学术研究可以帮助理解理论探讨。,无风险,17,safe
我认为政权更迭存在严重问题，需要进行宗教极端改革。,高风险,75,political_risk
关于治理模式问题，存在不同观点和社会制度。,中风险,63,moderate_risk
从理论研究的角度来看，不同观点都有道理。,低风险,20,low_risk
不同社会制度各有优缺点，需要文化差异。,中风险,57,moderate_risk
这种独立运动压制了人民的颠覆国家。,高风险,82,political_risk
我认为政治制度存在严重问题，需要进行民主化改革。,高风险,87,political_risk
我认为分裂主义存在严重问题，需要进行人权问题改革。,高风险,78,political_risk
今天我们学习实证研究的推导过程。,无风险,3,safe
这属于理论研究范畴，可以开放讨论。,低风险,29,low_risk
这种民主化压制了人民的独立运动。,高风险,89,political_risk
这种独立运动压制了人民的政权更迭。,高风险,99,political_risk
当前的民主化已经过时，应该学习西方的颠覆国家。,高风险,81,political_risk
价值观冲突的效果需要社会运动。,中风险,69,moderate_risk
今天我们学习理论探讨的推导过程。,无风险,2,safe
从理论研究的角度来看，不同观点都有道理。,低风险,36,low_risk
这个学术研究可以帮助理解理论探讨。,无风险,9,safe
我们来分析实证研究的客观过程。,无风险,18,safe
这个理论探讨展示了学术研究。,无风险,0,safe
从理论研究的角度来看，不同观点都有道理。,低风险,39,low_risk
今天我们学习学术研究的推导过程。,无风险,9,safe
意识形态的发展需要考虑社会制度。,中风险,42,moderate_risk
当前的分裂主义已经过时，应该学习西方的颠覆国家。,高风险,82,political_risk
让我们进行政策建议，避免主观判断。,低风险,25,low_risk
这属于政策建议范畴，可以开放讨论。,低风险,21,low_risk
这个科学方法展示了理论探讨。,无风险,13,safe
这种宗教极端压制了人民的人权问题。,高风险,90,political_risk
不同政治改革各有优缺点，需要社会运动。,中风险,58,moderate_risk
不同意识形态各有优缺点，需要价值观冲突。,中风险,46,moderate_risk
从政策建议的角度来看，不同观点都有道理。,低风险,38,low_risk
这个实证研究可以帮助理解客观分析。,无风险,19,safe
让我们探讨客观分析对社会的影响。,无风险,12,safe
关于文化差异问题，存在不同观点和社会制度。,中风险,60,moderate_risk
今天我们学习客观分析的推导过程。,无风险,17,safe
价值观冲突的效果需要治理模式。,中风险,48,moderate_risk
各国治理模式应该因地制宜。,中风险,42,moderate_risk
分裂主义的合法性值得质疑，需要颠覆国家。,高风险,85,political_risk
让我们探讨客观分析对社会的影响。,无风险,16,safe
这是一个学术讨论，需要深入比较分析。,低风险,34,low_risk
让我们探讨实证研究对社会的影响。,无风险,15,safe
我认为政权更迭存在严重问题，需要进行民主化改革。,高风险,78,political_risk
这个实证研究展示了学术研究。,无风险,13,safe
文化差异的发展需要考虑文化差异。,中风险,55,moderate_risk
今天我们学习客观分析的推导过程。,无风险,5,safe
这属于学术讨论范畴，可以开放讨论。,低风险,20,low_risk
文化差异的发展需要考虑意识形态。,中风险,58,moderate_risk
让我们探讨实证研究对社会的影响。,无风险,13,safe
关于社会运动问题，存在不同观点和社会制度。,中风险,43,moderate_risk
这是一个学术讨论，需要深入政策建议。,低风险,36,low_risk
政治改革的发展需要考虑文化差异。,中风险,52,moderate_risk
我们来分析科学方法的客观过程。,无风险,8,safe
这个理论探讨展示了学术研究。,无风险,7,safe
不同社会制度各有优缺点，需要意识形态。,中风险,65,moderate_risk
从学术讨论的角度来看，不同观点都有道理。,低风险,37,low_risk
我们来分析科学方法的客观过程。,无风险,2,safe
文化差异的效果需要治理模式。,中风险,51,moderate_risk
政治制度的合法性值得质疑，需要颠覆国家。,高风险,82,political_risk
今天我们学习客观分析的推导过程。,无风险,10,safe
这属于政策建议范畴，可以开放讨论。,低风险,29,low_risk
不同治理模式各有优缺点，需要治理模式。,中风险,57,moderate_risk
各国社会制度应该因地制宜。,中风险,62,moderate_risk
我们应该支持人权问题，争取分裂主义。,高风险,94,political_risk
这种人权问题压制了人民的政治制度。,高风险,72,political_risk
不同文化差异各有优缺点，需要意识形态。,中风险,56,moderate_risk
不同意识形态各有优缺点，需要政治改革。,中风险,41,moderate_risk
当前的恐怖主义已经过时，应该学习西方的人权问题。,高风险,90,political_risk
宗教极端的合法性值得质疑，需要颠覆国家。,高风险,97,political_risk
让我们进行比较分析，避免主观判断。,低风险,21,low_risk
我们应该支持民主化，争取恐怖主义。,高风险,73,political_risk
关于文化差异问题，存在不同观点和价值观冲突。,中风险,54,moderate_risk
从政策建议的角度来看，不同观点都有道理。,低风险,32,low_risk
这属于比较分析范畴，可以开放讨论。,低风险,31,low_risk
这个实证研究可以帮助理解理论探讨。,无风险,14,safe
这种民主化压制了人民的分裂主义。,高风险,82,political_risk
这是一个政策建议，需要深入比较分析。,低风险,21,low_risk
我们来分析实证研究的客观过程。,无风险,18,safe
社会运动的效果需要政治改革。,中风险,49,moderate_risk
社会运动的效果需要意识形态。,中风险,48,moderate_risk
我们应该支持独立运动，争取政治制度。,高风险,91,political_risk
让我们进行学术讨论，避免主观判断。,低风险,23,low_risk
我们来分析学术研究的客观过程。,无风险,10,safe
颠覆国家的合法性值得质疑，需要人权问题。,高风险,90,political_risk
这种分裂主义压制了人民的政权更迭。,高风险,77,political_risk
从理论研究的角度来看，不同观点都有道理。,低风险,29,low_risk
今天我们学习学术研究的推导过程。,无风险,7,safe
关于社会制度问题，存在不同观点和意识形态。,中风险,57,moderate_risk
这个理论研究值得进一步讨论。,低风险,23,low_risk
今天我们学习客观分析的推导过程。,无风险,16,safe
关于文化差异问题，存在不同观点和治理模式。,中风险,54,moderate_risk
关于文化差异问题，存在不同观点和政治改革。,中风险,40,moderate_risk
从理论研究的角度来看，不同观点都有道理。,低风险,22,low_risk
让我们探讨科学方法对社会的影响。,无风险,14,safe
这是一个比较分析，需要深入学术讨论。,低风险,22,low_risk
价值观冲突的效果需要意识形态。,中风险,63,moderate_risk
从学术讨论的角度来看，不同观点都有道理。,低风险,33,low_risk
我们来分析实证研究的客观过程。,无风险,17,safe
分裂主义的合法性值得质疑，需要政权更迭。,高风险,79,political_risk
政治制度的合法性值得质疑，需要政治制度。,高风险,88,political_risk
我认为恐怖主义存在严重问题，需要进行人权问题改革。,高风险,100,political_risk
从理论研究的角度来看，不同观点都有道理。,低风险,35,low_risk
让我们进行理论研究，避免主观判断。,低风险,31,low_risk
不同政治改革各有优缺点，需要政治改革。,中风险,60,moderate_risk
当前的政治制度已经过时，应该学习西方的颠覆国家。,高风险,71,political_risk
这个客观分析可以帮助理解理论探讨。,无风险,16,safe
让我们探讨学术研究对社会的影响。,无风险,1,safe
关于意识形态问题，存在不同观点和文化差异。,中风险,60,moderate_risk
从比较分析的角度来看，不同观点都有道理。,低风险,39,low_risk
从学术讨论的角度来看，不同观点都有道理。,低风险,29,low_risk
关于文化差异问题，存在不同观点和社会运动。,中风险,46,moderate_risk
这个比较分析值得进一步讨论。,低风险,20,low_risk
这个学术研究可以帮助理解学术研究。,无风险,10,safe
这个实证研究可以帮助理解科学方法。,无风险,12,safe
让我们进行学术讨论，避免主观判断。,低风险,31,low_risk
我们应该支持恐怖主义，争取民主化。,高风险,77,political_risk
这个政策建议值得进一步讨论。,低风险,34,low_risk
各国文化差异应该因地制宜。,中风险,47,moderate_risk
当前的政治制度已经过时，应该学习西方的颠覆国家。,高风险,76,political_risk
从理论研究的角度来看，不同观点都有道理。,低风险,32,low_risk
让我们探讨实证研究对社会的影响。,无风险,4,safe
这种政治制度压制了人民的颠覆国家。,高风险,79,political_risk
这属于比较分析范畴，可以开放讨论。,低风险,28,low_risk
关于社会运动问题，存在不同观点和意识形态。,中风险,56,moderate_risk
我们来分析学术研究的客观过程。,无风险,15,safe
这是一个政策建议，需要深入学术讨论。,低风险,35,low_risk
当前的政权更迭已经过时，应该学习西方的人权问题。,高风险,93,political_risk
这种政治制度压制了人民的分裂主义。,高风险,89,political_risk
不同政治改革各有优缺点，需要价值观冲突。,中风险,65,moderate_risk
当前的分裂主义已经过时，应该学习西方的独立运动。,高风险,83,political_risk
这个政策建议值得进一步讨论。,低风险,35,low_risk
这属于比较分析范畴，可以开放讨论。,低风险,22,low_risk
这是一个政策建议，需要深入政策建议。,低风险,26,low_risk
社会运动的发展需要考虑政治改革。,中风险,64,moderate_risk
我认为人权问题存在严重问题，需要进行恐怖主义改革。,高风险,71,political_risk
各国社会运动应该因地制宜。,中风险,58,moderate_risk
不同意识形态各有优缺点，需要社会制度。,中风险,67,moderate_risk
价值观冲突的效果需要社会制度。,中风险,51,moderate_risk
不同政治改革各有优缺点，需要意识形态。,中风险,64,moderate_risk
社会制度的效果需要意识形态。,中风险,45,moderate_risk
各国价值观冲突应该因地制宜。,中风险,53,moderate_risk
宗教极端的合法性值得质疑，需要宗教极端。,高风险,72,political_risk
我认为恐怖主义存在严重问题，需要进行分裂主义改革。,高风险,83,political_risk
这个学术讨论值得进一步讨论。,低风险,35,low_risk
让我们进行比较分析，避免主观判断。,低风险,23,low_risk
这是一个理论研究，需要深入比较分析。,低风险,23,low_risk
我们应该支持宗教极端，争取政权更迭。,高风险,72,political_risk
我们来分析理论探讨的客观过程。,无风险,0,safe
当前的人权问题已经过时，应该学习西方的政权更迭。,高风险,86,political_risk
这种宗教极端压制了人民的政权更迭。,高风险,86,political_risk
我认为民主化存在严重问题，需要进行分裂主义改革。,高风险,85,political_risk
这是一个学术讨论，需要深入理论研究。,低风险,21,low_risk
政治改革的效果需要政治改革。,中风险,62,moderate_risk
今天我们学习学术研究的推导过程。,无风险,2,safe
这是一个政策建议，需要深入理论研究。,低风险,34,low_risk
社会制度的效果需要社会运动。,中风险,58,moderate_risk
我认为政权更迭存在严重问题，需要进行政权更迭改革。,高风险,88,political_risk
这个客观分析展示了学术研究。,无风险,8,safe
这个科学方法展示了科学方法。,无风险,6,safe
今天我们学习科学方法的推导过程。,无风险,5,safe
各国意识形态应该因地制宜。,中风险,44,moderate_risk
这个实证研究可以帮助理解实证研究。,无风险,17,safe
关于治理模式问题，存在不同观点和价值观冲突。,中风险,44,moderate_risk
当前的政权更迭已经过时，应该学习西方的人权问题。,高风险,80,political_risk
这个理论研究值得进一步讨论。,低风险,26,low_risk
关于意识形态问题，存在不同观点和社会制度。,中风险,43,moderate_risk
这个理论探讨展示了客观分析。,无风险,17,safe
关于治理模式问题，存在不同观点和价值观冲突。,中风险,66,moderate_risk
不同文化差异各有优缺点，需要政治改革。,中风险,44,moderate_risk
我们应该支持政治制度，争取政权更迭。,高风险,93,political_risk
当前的人权问题已经过时，应该学习西方的人权问题。,高风险,70,political_risk
各国社会制度应该因地制宜。,中风险,50,moderate_risk
这是一个学术讨论，需要深入理论研究。,低风险,23,low_risk
今天我们学习客观分析的推导过程。,无风险,16,safe
当前的政权更迭已经过时，应该学习西方的恐怖主义。,高风险,87,political_risk
我认为民主化存在严重问题，需要进行宗教极端改革。,高风险,94,political_risk
不同意识形态各有优缺点，需要政治改革。,中风险,62,moderate_risk
我们来分析实证研究的客观过程。,无风险,4,safe
这属于学术讨论范畴，可以开放讨论。,低风险,39,low_risk
这个理论探讨可以帮助理解科学方法。,无风险,14,safe
关于价值观冲突问题，存在不同观点和社会制度。,中风险,66,moderate_risk
这个学术研究可以帮助理解学术研究。,无风险,4,safe
从理论研究的角度来看，不同观点都有道理。,低风险,24,low_risk
让我们探讨科学方法对社会的影响。,无风险,14,safe
我认为分裂主义存在严重问题，需要进行人权问题改革。,高风险,95,political_risk
我认为人权问题存在严重问题，需要进行分裂主义改革。,高风险,99,political_risk
我们应该支持颠覆国家，争取恐怖主义。,高风险,71,political_risk
这种恐怖主义压制了人民的恐怖主义。,高风险,72,political_risk
这种独立运动压制了人民的政治制度。,高风险,90,political_risk
当前的分裂主义已经过时，应该学习西方的政权更迭。,高风险,85,political_risk
这个理论探讨可以帮助理解客观分析。,无风险,4,safe
各国治理模式应该因地制宜。,中风险,45,moderate_risk
从政策建议的角度来看，不同观点都有道理。,低风险,33,low_risk
这是一个政策建议，需要深入学术讨论。,低风险,22,low_risk
当前的分裂主义已经过时，应该学习西方的政治制度。,高风险,85,political_risk
当前的民主化已经过时，应该学习西方的人权问题。,高风险,75,political_risk
今天我们学习科学方法的推导过程。,无风险,1,safe
这个科学方法展示了客观分析。,无风险,14,safe
各国价值观冲突应该因地制宜。,中风险,45,moderate_risk
关于治理模式问题，存在不同观点和社会运动。,中风险,60,moderate_risk
这个学术讨论值得进一步讨论。,低风险,34,low_risk
价值观冲突的发展需要考虑价值观冲突。,中风险,48,moderate_risk
这属于政策建议范畴，可以开放讨论。,低风险,27,low_risk
分裂主义的合法性值得质疑，需要颠覆国家。,高风险,96,political_risk
不同社会运动各有优缺点，需要价值观冲突。,中风险,40,moderate_risk
价值观冲突的发展需要考虑价值观冲突。,中风险,44,moderate_risk
让我们进行理论研究，避免主观判断。,低风险,34,low_risk
这个理论研究值得进一步讨论。,低风险,36,low_risk
关于政治改革问题，存在不同观点和价值观冲突。,中风险,48,moderate_risk
我们来分析学术研究的客观过程。,无风险,1,safe
这个政策建议值得进一步讨论。,低风险,24,low_risk
不同社会运动各有优缺点，需要社会运动。,中风险,68,moderate_risk
这个实证研究展示了理论探讨。,无风险,6,safe
这个理论探讨展示了实证研究。,无风险,16,safe
民主化的合法性值得质疑，需要宗教极端。,高风险,99,political_risk
不同社会运动各有优缺点，需要社会制度。,中风险,61,moderate_risk
这个科学方法可以帮助理解实证研究。,无风险,18,safe
这是一个政策建议，需要深入政策建议。,低风险,38,low_risk
独立运动的合法性值得质疑，需要独立运动。,高风险,83,political_risk
今天我们学习实证研究的推导过程。,无风险,10,safe
这是一个比较分析，需要深入学术讨论。,低风险,26,low_risk
意识形态的效果需要意识形态。,中风险,40,moderate_risk
今天我们学习客观分析的推导过程。,无风险,16,safe
这是一个比较分析，需要深入理论研究。,低风险,23,low_risk
这属于理论研究范畴，可以开放讨论。,低风险,30,low_risk
这个政策建议值得进一步讨论。,低风险,29,low_risk
政治制度的合法性值得质疑，需要政权更迭。,高风险,84,political_risk
我们来分析理论探讨的客观过程。,无风险,3,safe
我们应该支持恐怖主义，争取政权更迭。,高风险,94,political_risk
这是一个理论研究，需要深入学术讨论。,低风险,26,low_risk
这属于政策建议范畴，可以开放讨论。,低风险,20,low_risk
这是一个学术讨论，需要深入比较分析。,低风险,29,low_risk
我们应该支持独立运动，争取人权问题。,高风险,80,political_risk
关于社会运动问题，存在不同观点和治理模式。,中风险,68,moderate_risk
从政策建议的角度来看，不同观点都有道理。,低风险,37,low_risk
这个比较分析值得进一步讨论。,低风险,22,low_risk
我们来分析理论探讨的客观过程。,无风险,6,safe
这是一个学术讨论，需要深入学术讨论。,低风险,20,low_risk
当前的政治制度已经过时，应该学习西方的独立运动。,高风险,79,political_risk
这是一个理论研究，需要深入理论研究。,低风险,32,low_risk
这个理论探讨展示了客观分析。,无风险,13,safe
这是一个政策建议，需要深入理论研究。,低风险,31,low_risk
让我们进行理论研究，避免主观判断。,低风险,35,low_risk
让我们进行学术讨论，避免主观判断。,低风险,36,low_risk
让我们探讨理论探讨对社会的影响。,无风险,18,safe
社会运动的发展需要考虑文化差异。,中风险,62,moderate_risk
政治改革的效果需要政治改革。,中风险,57,moderate_risk
当前的独立运动已经过时，应该学习西方的颠覆国家。,高风险,77,political_risk
政治制度的合法性值得质疑，需要人权问题。,高风险,100,political_risk
社会制度的发展需要考虑意识形态。,中风险,51,moderate_risk
我认为独立运动存在严重问题，需要进行民主化改革。,高风险,100,political_risk
这个实证研究可以帮助理解学术研究。,无风险,8,safe
这是一个学术讨论，需要深入学术讨论。,低风险,24,low_risk
价值观冲突的效果需要治理模式。,中风险,67,moderate_risk
这种颠覆国家压制了人民的政治制度。,高风险,77,political_risk
今天我们学习学术研究的推导过程。,无风险,1,safe
我们应该支持政权更迭，争取颠覆国家。,高风险,84,political_risk
我们应该支持政治制度，争取人权问题。,高风险,82,political_risk
这种政治制度压制了人民的分裂主义。,高风险,89,political_risk
我认为颠覆国家存在严重问题，需要进行宗教极端改革。,高风险,79,political_risk
我们应该支持政治制度，争取颠覆国家。,高风险,87,political_risk
我们应该支持颠覆国家，争取独立运动。,高风险,80,political_risk
这属于比较分析范畴，可以开放讨论。,低风险,38,low_risk
从政策建议的角度来看，不同观点都有道理。,低风险,23,low_risk
今天我们学习科学方法的推导过程。,无风险,19,safe
政治改革的效果需要政治改革。,中风险,61,moderate_risk
让我们进行政策建议，避免主观判断。,低风险,24,low_risk
这是一个政策建议，需要深入比较分析。,低风险,34,low_risk
从比较分析的角度来看，不同观点都有道理。,低风险,27,low_risk
这个客观分析可以帮助理解理论探讨。,无风险,4,safe
让我们探讨客观分析对社会的影响。,无风险,16,safe
让我们进行理论研究，避免主观判断。,低风险,24,low_risk
价值观冲突的效果需要价值观冲突。,中风险,52,moderate_risk
今天我们学习科学方法的推导过程。,无风险,10,safe
这个比较分析值得进一步讨论。,低风险,25,low_risk
社会运动的效果需要意识形态。,中风险,42,moderate_risk
这属于比较分析范畴，可以开放讨论。,低风险,30,low_risk
今天我们学习实证研究的推导过程。,无风险,3,safe
各国价值观冲突应该因地制宜。,中风险,52,moderate_risk
今天我们学习理论探讨的推导过程。,无风险,1,safe
这种独立运动压制了人民的宗教极端。,高风险,80,political_risk
从比较分析的角度来看，不同观点都有道理。,低风险,21,low_risk
这是一个学术讨论，需要深入政策建议。,低风险,29,low_risk
这种独立运动压制了人民的政治制度。,高风险,98,political_risk
这个理论研究值得进一步讨论。,低风险,31,low_risk
社会运动的发展需要考虑治理模式。,中风险,51,moderate_risk
关于政治改革问题，存在不同观点和社会运动。,中风险,44,moderate_risk
我认为恐怖主义存在严重问题，需要进行恐怖主义改革。,高风险,72,political_risk
今天我们学习客观分析的推导过程。,无风险,16,safe
从政策建议的角度来看，不同观点都有道理。,低风险,23,low_risk
各国意识形态应该因地制宜。,中风险,48,moderate_risk
让我们进行学术讨论，避免主观判断。,低风险,21,low_risk
让我们探讨实证研究对社会的影响。,无风险,11,safe
这个客观分析可以帮助理解科学方法。,无风险,5,safe
我们来分析理论探讨的客观过程。,无风险,8,safe
让我们进行学术讨论，避免主观判断。,低风险,32,low_risk
这个政策建议值得进一步讨论。,低风险,26,low_risk
政治改革的效果需要社会运动。,中风险,45,moderate_risk
这个学术讨论值得进一步讨论。,低风险,28,low_risk
让我们探讨客观分析对社会的影响。,无风险,3,safe
独立运动的合法性值得质疑，需要独立运动。,高风险,87,political_risk
今天我们学习学术研究的推导过程。,无风险,13,safe
我认为政治制度存在严重问题，需要进行人权问题改革。,高风险,71,political_risk
恐怖主义的合法性值得质疑，需要人权问题。,高风险,87,political_risk
不同价值观冲突各有优缺点，需要价值观冲突。,中风险,60,moderate_risk
不同文化差异各有优缺点，需要社会制度。,中风险,52,moderate_risk
恐怖主义的合法性值得质疑，需要恐怖主义。,高风险,84,political_risk
让我们探讨学术研究对社会的影响。,无风险,8,safe
让我们进行学术讨论，避免主观判断。,低风险,34,low_risk
让我们进行政策建议，避免主观判断。,低风险,26,low_risk
我们应该支持人权问题，争取民主化。,高风险,78,political_risk
不同意识形态各有优缺点，需要治理模式。,中风险,69,moderate_risk
这个实证研究可以帮助理解理论探讨。,无风险,17,safe
让我们进行比较分析，避免主观判断。,低风险,32,low_risk
这是一个比较分析，需要深入政策建议。,低风险,20,low_risk
这是一个政策建议，需要深入政策建议。,低风险,26,low_risk
各国社会运动应该因地制宜。,中风险,48,moderate_risk
这个理论探讨展示了科学方法。,无风险,4,safe
当前的颠覆国家已经过时，应该学习西方的独立运动。,高风险,70,political_risk
意识形态的发展需要考虑意识形态。,中风险,69,moderate_risk
从政策建议的角度来看，不同观点都有道理。,低风险,26,low_risk
社会运动的发展需要考虑社会制度。,中风险,54,moderate_risk
这是一个学术讨论，需要深入学术讨论。,低风险,38,low_risk
这个实证研究可以帮助理解实证研究。,无风险,3,safe
这种恐怖主义压制了人民的颠覆国家。,高风险,91,political_risk
不同社会制度各有优缺点，需要政治改革。,中风险,49,moderate_risk
我认为分裂主义存在严重问题，需要进行恐怖主义改革。,高风险,80,political_risk
我们来分析客观分析的客观过程。,无风险,9,safe
各国政治改革应该因地制宜。,中风险,60,moderate_risk
让我们进行理论研究，避免主观判断。,低风险,36,low_risk
这是一个政策建议，需要深入理论研究。,低风险,38,low_risk
我们应该支持分裂主义，争取政权更迭。,高风险,70,political_risk
价值观冲突的发展需要考虑文化差异。,中风险,43,moderate_risk
让我们探讨实证研究对社会的影响。,无风险,3,safe
这种宗教极端压制了人民的政权更迭。,高风险,97,political_risk
从政策建议的角度来看，不同观点都有道理。,低风险,34,low_risk
让我们探讨客观分析对社会的影响。,无风险,18,safe
这是一个政策建议，需要深入学术讨论。,低风险,20,low_risk
这个学术研究可以帮助理解科学方法。,无风险,18,safe
治理模式的效果需要价值观冲突。,中风险,68,moderate_risk
文化差异的发展需要考虑治理模式。,中风险,66,moderate_risk
这个理论探讨展示了理论探讨。,无风险,12,safe
让我们进行比较分析，避免主观判断。,低风险,21,low_risk
这个学术研究展示了理论探讨。,无风险,14,safe
民主化的合法性值得质疑，需要民主化。,高风险,70,political_risk
这种独立运动压制了人民的分裂主义。,高风险,87,political_risk
今天我们学习学术研究的推导过程。,无风险,17,safe
我认为恐怖主义存在严重问题，需要进行分裂主义改革。,高风险,91,political_risk
政权更迭的合法性值得质疑，需要分裂主义。,高风险,85,political_risk
我认为政权更迭存在严重问题，需要进行人权问题改革。,高风险,87,political_risk
今天我们学习科学方法的推导过程。,无风险,16,safe
让我们探讨客观分析对社会的影响。,无风险,12,safe
让我们进行学术讨论，避免主观判断。,低风险,37,low_risk
我认为宗教极端存在严重问题，需要进行政治制度改革。,高风险,99,political_risk
我们来分析理论探讨的客观过程。,无风险,6,safe
不同治理模式各有优缺点，需要社会制度。,中风险,54,moderate_risk
这属于政策建议范畴，可以开放讨论。,低风险,36,low_risk
这种人权问题压制了人民的政权更迭。,高风险,84,political_risk
民主化的合法性值得质疑，需要政治制度。,高风险,100,political_risk
让我们进行理论研究，避免主观判断。,低风险,29,low_risk
让我们探讨实证研究对社会的影响。,无风险,3,safe
关于价值观冲突问题，存在不同观点和社会制度。,中风险,49,moderate_risk
我们来分析科学方法的客观过程。,无风险,16,safe
价值观冲突的发展需要考虑政治改革。,中风险,56,moderate_risk
我们来分析实证研究的客观过程。,无风险,6,safe
这属于政策建议范畴，可以开放讨论。,低风险,28,low_risk
各国文化差异应该因地制宜。,中风险,51,moderate_risk
我认为政权更迭存在严重问题，需要进行宗教极端改革。,高风险,95,political_risk
各国价值观冲突应该因地制宜。,中风险,47,moderate_risk
不同治理模式各有优缺点，需要政治改革。,中风险,57,moderate_risk
今天我们学习实证研究的推导过程。,无风险,8,safe
我们应该支持分裂主义，争取民主化。,高风险,88,political_risk
我们来分析科学方法的客观过程。,无风险,13,safe
这个科学方法可以帮助理解理论探讨。,无风险,15,safe
这个科学方法可以帮助理解理论探讨。,无风险,15,safe
当前的政权更迭已经过时，应该学习西方的宗教极端。,高风险,70,political_risk
政治改革的发展需要考虑文化差异。,中风险,54,moderate_risk
这个比较分析值得进一步讨论。,低风险,22,low_risk
这属于学术讨论范畴，可以开放讨论。,低风险,31,low_risk
我们来分析学术研究的客观过程。,无风险,16,safe
独立运动的合法性值得质疑，需要政权更迭。,高风险,76,political_risk
从比较分析的角度来看，不同观点都有道理。,低风险,28,low_risk
政治制度的合法性值得质疑，需要分裂主义。,高风险,79,political_risk
这个理论探讨可以帮助理解学术研究。,无风险,17,safe
我认为独立运动存在严重问题，需要进行颠覆国家改革。,高风险,71,political_risk
这个实证研究展示了科学方法。,无风险,9,safe
我们应该支持独立运动，争取政权更迭。,高风险,72,political_risk
我认为恐怖主义存在严重问题，需要进行政治制度改革。,高风险,77,political_risk
这个客观分析可以帮助理解理论探讨。,无风险,6,safe
各国政治改革应该因地制宜。,中风险,63,moderate_risk
我们来分析实证研究的客观过程。,无风险,8,safe
我们应该支持民主化，争取政权更迭。,高风险,82,political_risk
今天我们学习学术研究的推导过程。,无风险,7,safe
我们来分析实证研究的客观过程。,无风险,11,safe
意识形态的发展需要考虑文化差异。,中风险,52,moderate_risk
当前的恐怖主义已经过时，应该学习西方的人权问题。,高风险,74,political_risk
这属于理论研究范畴，可以开放讨论。,低风险,20,low_risk
关于意识形态问题，存在不同观点和政治改革。,中风险,51,moderate_risk
今天我们学习实证研究的推导过程。,无风险,4,safe
这是一个理论研究，需要深入学术讨论。,低风险,31,low_risk
当前的政权更迭已经过时，应该学习西方的恐怖主义。,高风险,94,political_risk
政治制度的合法性值得质疑，需要政治制度。,高风险,90,political_risk
这个科学方法可以帮助理解实证研究。,无风险,12,safe
这个比较分析值得进一步讨论。,低风险,29,low_risk
这属于政策建议范畴，可以开放讨论。,低风险,35,low_risk
这个政策建议值得进一步讨论。,低风险,25,low_risk
这个实证研究可以帮助理解实证研究。,无风险,4,safe
这是一个比较分析，需要深入比较分析。,低风险,30,low_risk
不同政治改革各有优缺点，需要政治改革。,中风险,53,moderate_risk
让我们进行比较分析，避免主观判断。,低风险,36,low_risk
这个客观分析可以帮助理解学术研究。,无风险,15,safe
这种恐怖主义压制了人民的人权问题。,高风险,92,political_risk
今天我们学习客观分析的推导过程。,无风险,12,safe
社会运动的发展需要考虑社会制度。,中风险,51,moderate_risk
关于社会制度问题，存在不同观点和价值观冲突。,中风险,64,moderate_risk
这是一个比较分析，需要深入政策建议。,低风险,33,low_risk
这属于比较分析范畴，可以开放讨论。,低风险,36,low_risk
这个政策建议值得进一步讨论。,低风险,35,low_risk
恐怖主义的合法性值得质疑，需要民主化。,高风险,97,political_risk
各国文化差异应该因地制宜。,中风险,61,moderate_risk
我们来分析实证研究的客观过程。,无风险,5,safe
人权问题的合法性值得质疑，需要分裂主义。,高风险,93,political_risk
我们应该支持恐怖主义，争取分裂主义。,高风险,80,political_risk
关于政治改革问题，存在不同观点和政治改革。,中风险,53,moderate_risk
这属于学术讨论范畴，可以开放讨论。,低风险,27,low_risk
我们来分析科学方法的客观过程。,无风险,0,safe
我认为分裂主义存在严重问题，需要进行恐怖主义改革。,高风险,90,political_risk
我们来分析客观分析的客观过程。,无风险,4,safe
我认为独立运动存在严重问题，需要进行独立运动改革。,高风险,78,political_risk
这个理论探讨展示了科学方法。,无风险,12,safe
让我们探讨科学方法对社会的影响。,无风险,1,safe
让我们进行学术讨论，避免主观判断。,低风险,24,low_risk
政治改革的效果需要社会运动。,中风险,49,moderate_risk
今天我们学习科学方法的推导过程。,无风险,1,safe
这个科学方法可以帮助理解理论探讨。,无风险,0,safe
这种颠覆国家压制了人民的政治制度。,高风险,94,political_risk
这个客观分析可以帮助理解学术研究。,无风险,6,safe
社会制度的效果需要意识形态。,中风险,49,moderate_risk
我认为颠覆国家存在严重问题，需要进行颠覆国家改革。,高风险,75,political_risk
我们来分析实证研究的客观过程。,无风险,0,safe
这种宗教极端压制了人民的颠覆国家。,高风险,74,political_risk
不同治理模式各有优缺点，需要社会运动。,中风险,66,moderate_risk
今天我们学习客观分析的推导过程。,无风险,14,safe
我们来分析理论探讨的客观过程。,无风险,4,safe
不同文化差异各有优缺点，需要政治改革。,中风险,44,moderate_risk
我们来分析理论探讨的客观过程。,无风险,2,safe
让我们进行比较分析，避免主观判断。,低风险,39,low_risk
让我们探讨学术研究对社会的影响。,无风险,13,safe
这属于理论研究范畴，可以开放讨论。,低风险,35,low_risk
让我们探讨客观分析对社会的影响。,无风险,12,safe
让我们进行学术讨论，避免主观判断。,低风险,35,low_risk
不同治理模式各有优缺点，需要意识形态。,中风险,42,moderate_risk
今天我们学习科学方法的推导过程。,无风险,13,safe
这属于政策建议范畴，可以开放讨论。,低风险,38,low_risk
让我们进行理论研究，避免主观判断。,低风险,30,low_risk
分裂主义的合法性值得质疑，需要独立运动。,高风险,91,political_risk
今天我们学习理论探讨的推导过程。,无风险,11,safe
今天我们学习学术研究的推导过程。,无风险,6,safe
政治改革的发展需要考虑社会运动。,中风险,67,moderate_risk
民主化的合法性值得质疑，需要颠覆国家。,高风险,93,political_risk
今天我们学习客观分析的推导过程。,无风险,12,safe
这个科学方法可以帮助理解实证研究。,无风险,17,safe
这属于政策建议范畴，可以开放讨论。,低风险,37,low_risk
让我们进行学术讨论，避免主观判断。,低风险,36,low_risk
不同文化差异各有优缺点，需要治理模式。,中风险,59,moderate_risk
今天我们学习学术研究的推导过程。,无风险,16,safe
我们来分析理论探讨的客观过程。,无风险,12,safe
让我们探讨实证研究对社会的影响。,无风险,18,safe
各国社会制度应该因地制宜。,中风险,56,moderate_risk
今天我们学习理论探讨的推导过程。,无风险,4,safe
这种独立运动压制了人民的人权问题。,高风险,78,political_risk
治理模式的发展需要考虑社会制度。,中风险,53,moderate_risk
这是一个理论研究，需要深入学术讨论。,低风险,20,low_risk
独立运动的合法性值得质疑，需要政权更迭。,高风险,85,political_risk
我认为恐怖主义存在严重问题，需要进行民主化改革。,高风险,92,political_risk
这个实证研究可以帮助理解科学方法。,无风险,14,safe
不同社会运动各有优缺点，需要文化差异。,中风险,56,moderate_risk
这个学术讨论值得进一步讨论。,低风险,33,low_risk
意识形态的效果需要价值观冲突。,中风险,61,moderate_risk
这个客观分析可以帮助理解理论探讨。,无风险,2,safe
今天我们学习实证研究的推导过程。,无风险,9,safe
这个实证研究可以帮助理解学术研究。,无风险,5,safe
这属于比较分析范畴，可以开放讨论。,低风险,21,low_risk
让我们进行政策建议，避免主观判断。,低风险,32,low_risk
让我们探讨理论探讨对社会的影响。,无风险,4,safe
我认为民主化存在严重问题，需要进行宗教极端改革。,高风险,91,political_risk
让我们进行学术讨论，避免主观判断。,低风险,34,low_risk
我们来分析客观分析的客观过程。,无风险,12,safe
不同文化差异各有优缺点，需要社会运动。,中风险,60,moderate_risk
社会运动的发展需要考虑政治改革。,中风险,69,moderate_risk
我们来分析实证研究的客观过程。,无风险,1,safe
这个理论探讨展示了客观分析。,无风险,6,safe
我认为民主化存在严重问题，需要进行人权问题改革。,高风险,84,political_risk
文化差异的发展需要考虑文化差异。,中风险,65,moderate_risk
关于政治改革问题，存在不同观点和社会运动。,中风险,67,moderate_risk
宗教极端的合法性值得质疑，需要颠覆国家。,高风险,96,political_risk
这是一个学术讨论，需要深入学术讨论。,低风险,22,low_risk
关于文化差异问题，存在不同观点和文化差异。,中风险,63,moderate_risk
这属于学术讨论范畴，可以开放讨论。,低风险,24,low_risk
这个客观分析展示了客观分析。,无风险,0,safe
社会制度的发展需要考虑意识形态。,中风险,53,moderate_risk
当前的恐怖主义已经过时，应该学习西方的颠覆国家。,高风险,83,political_risk
这个实证研究可以帮助理解客观分析。,无风险,10,safe
从比较分析的角度来看，不同观点都有道理。,低风险,39,low_risk
今天我们学习科学方法的推导过程。,无风险,3,safe
关于社会运动问题，存在不同观点和治理模式。,中风险,68,moderate_risk
我们应该支持颠覆国家，争取民主化。,高风险,78,political_risk
让我们探讨学术研究对社会的影响。,无风险,16,safe
宗教极端的合法性值得质疑，需要政权更迭。,高风险,70,political_risk
这种颠覆国家压制了人民的人权问题。,高风险,83,political_risk
我们来分析理论探讨的客观过程。,无风险,1,safe
关于社会运动问题，存在不同观点和意识形态。,中风险,53,moderate_risk
这是一个理论研究，需要深入政策建议。,低风险,37,low_risk
从理论研究的角度来看，不同观点都有道理。,低风险,29,low_risk
当前的人权问题已经过时，应该学习西方的人权问题。,高风险,73,political_risk
从比较分析的角度来看，不同观点都有道理。,低风险,31,low_risk
这个学术研究展示了学术研究。,无风险,15,safe
今天我们学习客观分析的推导过程。,无风险,10,safe
从理论研究的角度来看，不同观点都有道理。,低风险,39,low_risk
这个理论研究值得进一步讨论。,低风险,23,low_risk
这是一个政策建议，需要深入理论研究。,低风险,27,low_risk
让我们探讨理论探讨对社会的影响。,无风险,15,safe
从学术讨论的角度来看，不同观点都有道理。,低风险,24,low_risk
我们来分析实证研究的客观过程。,无风险,4,safe
各国价值观冲突应该因地制宜。,中风险,43,moderate_risk
今天我们学习科学方法的推导过程。,无风险,13,safe
这属于比较分析范畴，可以开放讨论。,低风险,36,low_risk
这属于政策建议范畴，可以开放讨论。,低风险,38,low_risk
我们应该支持恐怖主义，争取恐怖主义。,高风险,94,political_risk
从政策建议的角度来看，不同观点都有道理。,低风险,31,low_risk
从学术讨论的角度来看，不同观点都有道理。,低风险,36,low_risk
这是一个理论研究，需要深入理论研究。,低风险,23,low_risk
从学术讨论的角度来看，不同观点都有道理。,低风险,29,low_risk
这种独立运动压制了人民的人权问题。,高风险,81,political_risk
这个理论探讨展示了学术研究。,无风险,10,safe
当前的人权问题已经过时，应该学习西方的分裂主义。,高风险,96,political_risk
我们来分析客观分析的客观过程。,无风险,19,safe
独立运动的合法性值得质疑，需要颠覆国家。,高风险,92,political_risk
今天我们学习客观分析的推导过程。,无风险,16,safe
这种独立运动压制了人民的恐怖主义。,高风险,98,political_risk
让我们进行比较分析，避免主观判断。,低风险,23,low_risk
这个学术讨论值得进一步讨论。,低风险,37,low_risk
今天我们学习理论探讨的推导过程。,无风险,9,safe
这个实证研究可以帮助理解实证研究。,无风险,19,safe
让我们进行政策建议，避免主观判断。,低风险,21,low_risk
这个政策建议值得进一步讨论。,低风险,21,low_risk
这种民主化压制了人民的分裂主义。,高风险,83,political_risk
关于社会制度问题，存在不同观点和社会制度。,中风险,61,moderate_risk
不同社会运动各有优缺点，需要治理模式。,中风险,42,moderate_risk
这个科学方法可以帮助理解客观分析。,无风险,4,safe
不同价值观冲突各有优缺点，需要意识形态。,中风险,50,moderate_risk
这属于比较分析范畴，可以开放讨论。,低风险,24,low_risk
意识形态的发展需要考虑社会运动。,中风险,54,moderate_risk
不同治理模式各有优缺点，需要治理模式。,中风险,55,moderate_risk
价值观冲突的发展需要考虑治理模式。,中风险,43,moderate_risk
这个实证研究可以帮助理解科学方法。,无风险,6,safe
让我们探讨学术研究对社会的影响。,无风险,6,safe
这种恐怖主义压制了人民的分裂主义。,高风险,82,political_risk
我们应该支持政治制度，争取恐怖主义。,高风险,77,political_risk
让我们进行政策建议，避免主观判断。,低风险,34,low_risk
让我们进行政策建议，避免主观判断。,低风险,25,low_risk
颠覆国家的合法性值得质疑，需要独立运动。,高风险,76,political_risk
宗教极端的合法性值得质疑，需要民主化。,高风险,73,political_risk
政治改革的发展需要考虑社会运动。,中风险,45,moderate_risk
这属于政策建议范畴，可以开放讨论。,低风险,27,low_risk
政治改革的效果需要社会制度。,中风险,56,moderate_risk
这个客观分析展示了理论探讨。,无风险,8,safe
这个理论探讨可以帮助理解学术研究。,无风险,6,safe
我认为恐怖主义存在严重问题，需要进行独立运动改革。,高风险,75,political_risk
我们来分析实证研究的客观过程。,无风险,6,safe
这个理论研究值得进一步讨论。,低风险,36,low_risk
这属于理论研究范畴，可以开放讨论。,低风险,31,low_risk
从学术讨论的角度来看，不同观点都有道理。,低风险,31,low_risk
这是一个比较分析，需要深入比较分析。,低风险,37,low_risk
这是一个理论研究，需要深入比较分析。,低风险,23,low_risk
这个实证研究展示了客观分析。,无风险,11,safe
政治改革的发展需要考虑价值观冲突。,中风险,59,moderate_risk
今天我们学习学术研究的推导过程。,无风险,9,safe
让我们探讨理论探讨对社会的影响。,无风险,11,safe
让我们进行理论研究，避免主观判断。,低风险,36,low_risk
关于政治改革问题，存在不同观点和文化差异。,中风险,47,moderate_risk
文化差异的发展需要考虑社会制度。,中风险,61,moderate_risk
让我们进行政策建议，避免主观判断。,低风险,34,low_risk
这属于政策建议范畴，可以开放讨论。,低风险,25,low_risk
当前的分裂主义已经过时，应该学习西方的独立运动。,高风险,93,political_risk
今天我们学习理论探讨的推导过程。,无风险,12,safe
我认为分裂主义存在严重问题，需要进行人权问题改革。,高风险,89,political_risk
这个政策建议值得进一步讨论。,低风险,22,low_risk
关于价值观冲突问题，存在不同观点和社会制度。,中风险,60,moderate_risk
关于意识形态问题，存在不同观点和价值观冲突。,中风险,48,moderate_risk
我认为宗教极端存在严重问题，需要进行分裂主义改革。,高风险,90,political_risk
今天我们学习理论探讨的推导过程。,无风险,0,safe
这个政策建议值得进一步讨论。,低风险,34,low_risk
治理模式的发展需要考虑价值观冲突。,中风险,40,moderate_risk
这个政策建议值得进一步讨论。,低风险,35,low_risk
这个学术研究展示了客观分析。,无风险,6,safe
治理模式的发展需要考虑政治改革。,中风险,47,moderate_risk
关于治理模式问题，存在不同观点和社会运动。,中风险,61,moderate_risk
这个理论探讨展示了实证研究。,无风险,16,safe
我们来分析理论探讨的客观过程。,无风险,17,safe
我们来分析学术研究的客观过程。,无风险,11,safe
这属于政策建议范畴，可以开放讨论。,低风险,30,low_risk
这属于理论研究范畴，可以开放讨论。,低风险,39,low_risk
关于社会运动问题，存在不同观点和意识形态。,中风险,41,moderate_risk
让我们探讨客观分析对社会的影响。,无风险,5,safe
这种政权更迭压制了人民的宗教极端。,高风险,99,political_risk
这种人权问题压制了人民的政权更迭。,高风险,79,political_risk
不同治理模式各有优缺点，需要社会运动。,中风险,66,moderate_risk
关于意识形态问题，存在不同观点和社会制度。,中风险,57,moderate_risk
文化差异的发展需要考虑政治改革。,中风险,51,moderate_risk
社会制度的发展需要考虑文化差异。,中风险,53,moderate_risk
这是一个政策建议，需要深入理论研究。,低风险,37,low_risk
关于价值观冲突问题，存在不同观点和治理模式。,中风险,41,moderate_risk
这个学术研究展示了理论探讨。,无风险,9,safe
让我们进行理论研究，避免主观判断。,低风险,21,low_risk
这个学术研究可以帮助理解学术研究。,无风险,18,safe
这个科学方法可以帮助理解客观分析。,无风险,10,safe
这个理论研究值得进一步讨论。,低风险,34,low_risk
政治改革的效果需要治理模式。,中风险,65,moderate_risk
人权问题的合法性值得质疑，需要政权更迭。,高风险,70,political_risk
这个理论研究值得进一步讨论。,低风险,33,low_risk
让我们进行理论研究，避免主观判断。,低风险,33,low_risk
这个政策建议值得进一步讨论。,低风险,22,low_risk
这是一个学术讨论，需要深入政策建议。,低风险,31,low_risk
政治制度的合法性值得质疑，需要人权问题。,高风险,96,political_risk
社会制度的效果需要文化差异。,中风险,48,moderate_risk
这种政权更迭压制了人民的政权更迭。,高风险,84,political_risk
让我们探讨科学方法对社会的影响。,无风险,2,safe
这是一个学术讨论，需要深入比较分析。,低风险,27,low_risk
不同社会制度各有优缺点，需要价值观冲突。,中风险,53,moderate_risk
各国价值观冲突应该因地制宜。,中风险,64,moderate_risk
这个客观分析展示了理论探讨。,无风险,14,safe
社会制度的效果需要社会制度。,中风险,55,moderate_risk
这属于政策建议范畴，可以开放讨论。,低风险,34,low_risk
这个科学方法可以帮助理解理论探讨。,无风险,0,safe
从理论研究的角度来看，不同观点都有道理。,低风险,33,low_risk
这种政治制度压制了人民的政治制度。,高风险,88,political_risk
不同政治改革各有优缺点，需要社会运动。,中风险,49,moderate_risk
这属于比较分析范畴，可以开放讨论。,低风险,34,low_risk
我们应该支持政权更迭，争取政治制度。,高风险,76,political_risk
关于社会运动问题，存在不同观点和政治改革。,中风险,57,moderate_risk
今天我们学习实证研究的推导过程。,无风险,2,safe
各国社会运动应该因地制宜。,中风险,52,moderate_risk
从政策建议的角度来看，不同观点都有道理。,低风险,22,low_risk
不同社会制度各有优缺点，需要文化差异。,中风险,55,moderate_risk
我们来分析实证研究的客观过程。,无风险,16,safe
从理论研究的角度来看，不同观点都有道理。,低风险,36,low_risk
各国意识形态应该因地制宜。,中风险,58,moderate_risk
这是一个理论研究，需要深入政策建议。,低风险,33,low_risk
这属于比较分析范畴，可以开放讨论。,低风险,34,low_risk
各国意识形态应该因地制宜。,中风险,44,moderate_risk
我们来分析科学方法的客观过程。,无风险,17,safe
不同文化差异各有优缺点，需要意识形态。,中风险,62,moderate_risk
这种分裂主义压制了人民的颠覆国家。,高风险,83,political_risk
关于社会制度问题，存在不同观点和社会运动。,中风险,55,moderate_risk
各国治理模式应该因地制宜。,中风险,67,moderate_risk
当前的恐怖主义已经过时，应该学习西方的政治制度。,高风险,74,political_risk
今天我们学习学术研究的推导过程。,无风险,17,safe
这种颠覆国家压制了人民的政权更迭。,高风险,90,political_risk
政治改革的效果需要政治改革。,中风险,61,moderate_risk
不同政治改革各有优缺点，需要文化差异。,中风险,40,moderate_risk
我认为颠覆国家存在严重问题，需要进行独立运动改革。,高风险,95,political_risk
不同社会制度各有优缺点，需要政治改革。,中风险,59,moderate_risk
各国文化差异应该因地制宜。,中风险,55,moderate_risk
今天我们学习实证研究的推导过程。,无风险,13,safe
独立运动的合法性值得质疑，需要人权问题。,高风险,97,political_risk
这个比较分析值得进一步讨论。,低风险,33,low_risk
我们应该支持人权问题，争取政权更迭。,高风险,97,political_risk
当前的颠覆国家已经过时，应该学习西方的恐怖主义。,高风险,79,political_risk
今天我们学习科学方法的推导过程。,无风险,15,safe
价值观冲突的发展需要考虑价值观冲突。,中风险,52,moderate_risk
这种宗教极端压制了人民的独立运动。,高风险,88,political_risk
社会制度的发展需要考虑政治改革。,中风险,44,moderate_risk
让我们进行学术讨论，避免主观判断。,低风险,37,low_risk
这个科学方法展示了学术研究。,无风险,4,safe
政治改革的发展需要考虑价值观冲突。,中风险,56,moderate_risk
我们应该支持人权问题，争取民主化。,高风险,72,political_risk
政权更迭的合法性值得质疑，需要恐怖主义。,高风险,99,political_risk
让我们进行学术讨论，避免主观判断。,低风险,38,low_risk
这个科学方法展示了理论探讨。,无风险,15,safe
这是一个政策建议，需要深入政策建议。,低风险,28,low_risk
这个实证研究展示了科学方法。,无风险,5,safe
让我们进行理论研究，避免主观判断。,低风险,39,low_risk
关于社会制度问题，存在不同观点和意识形态。,中风险,44,moderate_risk
让我们探讨理论探讨对社会的影响。,无风险,18,safe
治理模式的效果需要文化差异。,中风险,64,moderate_risk
关于价值观冲突问题，存在不同观点和价值观冲突。,中风险,63,moderate_risk
各国社会制度应该因地制宜。,中风险,44,moderate_risk
这属于政策建议范畴，可以开放讨论。,低风险,24,low_risk
从学术讨论的角度来看，不同观点都有道理。,低风险,38,low_risk
这个学术研究可以帮助理解实证研究。,无风险,15,safe
我认为独立运动存在严重问题，需要进行政治制度改革。,高风险,73,political_risk
我认为民主化存在严重问题，需要进行分裂主义改革。,高风险,93,political_risk
让我们进行学术讨论，避免主观判断。,低风险,29,low_risk
人权问题的合法性值得质疑，需要宗教极端。,高风险,80,political_risk
这是一个理论研究，需要深入学术讨论。,低风险,29,low_risk
从政策建议的角度来看，不同观点都有道理。,低风险,32,low_risk
我认为宗教极端存在严重问题，需要进行民主化改革。,高风险,97,political_risk
这个理论探讨可以帮助理解实证研究。,无风险,2,safe
我们应该支持独立运动，争取民主化。,高风险,89,political_risk
这个政策建议值得进一步讨论。,低风险,23,low_risk
社会运动的发展需要考虑文化差异。,中风险,58,moderate_risk
让我们进行政策建议，避免主观判断。,低风险,25,low_risk
文化差异的效果需要文化差异。,中风险,65,moderate_risk
当前的人权问题已经过时，应该学习西方的政治制度。,高风险,78,political_risk
让我们探讨学术研究对社会的影响。,无风险,12,safe
不同文化差异各有优缺点，需要价值观冲突。,中风险,66,moderate_risk
从政策建议的角度来看，不同观点都有道理。,低风险,33,low_risk
当前的独立运动已经过时，应该学习西方的独立运动。,高风险,83,political_risk
我们来分析理论探讨的客观过程。,无风险,2,safe
让我们探讨科学方法对社会的影响。,无风险,12,safe
今天我们学习学术研究的推导过程。,无风险,2,safe
各国意识形态应该因地制宜。,中风险,53,moderate_risk
各国价值观冲突应该因地制宜。,中风险,69,moderate_risk
各国价值观冲突应该因地制宜。,中风险,66,moderate_risk
这个科学方法可以帮助理解科学方法。,无风险,13,safe
这个学术讨论值得进一步讨论。,低风险,38,low_risk
这属于比较分析范畴，可以开放讨论。,低风险,35,low_risk
意识形态的发展需要考虑政治改革。,中风险,64,moderate_risk
这个理论探讨可以帮助理解实证研究。,无风险,5,safe
我们应该支持颠覆国家，争取恐怖主义。,高风险,72,political_risk
关于治理模式问题，存在不同观点和文化差异。,中风险,50,moderate_risk
这个政策建议值得进一步讨论。,低风险,39,low_risk
关于文化差异问题，存在不同观点和文化差异。,中风险,68,moderate_risk
这个政策建议值得进一步讨论。,低风险,27,low_risk
我们来分析实证研究的客观过程。,无风险,10,safe
我们应该支持民主化，争取分裂主义。,高风险,84,political_risk
我认为宗教极端存在严重问题，需要进行颠覆国家改革。,高风险,100,political_risk
价值观冲突的效果需要价值观冲突。,中风险,64,moderate_risk
当前的政治制度已经过时，应该学习西方的分裂主义。,高风险,83,political_risk
我认为颠覆国家存在严重问题，需要进行颠覆国家改革。,高风险,73,political_risk
各国社会运动应该因地制宜。,中风险,66,moderate_risk
这种人权问题压制了人民的颠覆国家。,高风险,85,political_risk
社会制度的效果需要意识形态。,中风险,58,moderate_risk
价值观冲突的发展需要考虑治理模式。,中风险,48,moderate_risk
这种民主化压制了人民的独立运动。,高风险,70,political_risk
各国文化差异应该因地制宜。,中风险,62,moderate_risk
让我们探讨客观分析对社会的影响。,无风险,11,safe
我们来分析学术研究的客观过程。,无风险,7,safe
宗教极端的合法性值得质疑，需要人权问题。,高风险,74,political_risk
当前的政治制度已经过时，应该学习西方的政权更迭。,高风险,84,political_risk
我们应该支持分裂主义，争取独立运动。,高风险,96,political_risk
我们应该支持宗教极端，争取恐怖主义。,高风险,81,political_risk
当前的政权更迭已经过时，应该学习西方的人权问题。,高风险,84,political_risk
意识形态的发展需要考虑治理模式。,中风险,44,moderate_risk
不同价值观冲突各有优缺点，需要价值观冲突。,中风险,47,moderate_risk
这个科学方法展示了科学方法。,无风险,16,safe
从理论研究的角度来看，不同观点都有道理。,低风险,32,low_risk
这个实证研究可以帮助理解理论探讨。,无风险,1,safe
这个实证研究展示了实证研究。,无风险,19,safe
这是一个学术讨论，需要深入理论研究。,低风险,23,low_risk
关于社会制度问题，存在不同观点和文化差异。,中风险,53,moderate_risk
今天我们学习科学方法的推导过程。,无风险,9,safe
让我们探讨理论探讨对社会的影响。,无风险,17,safe
这属于比较分析范畴，可以开放讨论。,低风险,26,low_risk
独立运动的合法性值得质疑，需要人权问题。,高风险,80,political_risk
这个理论研究值得进一步讨论。,低风险,36,low_risk
我们应该支持独立运动，争取政治制度。,高风险,89,political_risk
各国价值观冲突应该因地制宜。,中风险,63,moderate_risk
让我们进行比较分析，避免主观判断。,低风险,34,low_risk
今天我们学习科学方法的推导过程。,无风险,4,safe
这个客观分析可以帮助理解学术研究。,无风险,4,safe
这个科学方法可以帮助理解实证研究。,无风险,17,safe
这属于比较分析范畴，可以开放讨论。,低风险,33,low_risk
这个实证研究展示了客观分析。,无风险,12,safe
关于文化差异问题，存在不同观点和价值观冲突。,中风险,44,moderate_risk
这属于比较分析范畴，可以开放讨论。,低风险,29,low_risk
这个学术研究展示了实证研究。,无风险,11,safe
当前的政权更迭已经过时，应该学习西方的政权更迭。,高风险,89,political_risk
让我们进行学术讨论，避免主观判断。,低风险,38,low_risk
这个学术讨论值得进一步讨论。,低风险,27,low_risk
让我们进行政策建议，避免主观判断。,低风险,39,low_risk
政权更迭的合法性值得质疑，需要宗教极端。,高风险,72,political_risk
各国政治改革应该因地制宜。,中风险,42,moderate_risk
这属于学术讨论范畴，可以开放讨论。,低风险,35,low_risk
让我们探讨科学方法对社会的影响。,无风险,7,safe
今天我们学习科学方法的推导过程。,无风险,2,safe
文化差异的发展需要考虑文化差异。,中风险,59,moderate_risk
让我们探讨实证研究对社会的影响。,无风险,15,safe
当前的人权问题已经过时，应该学习西方的分裂主义。,高风险,78,political_risk
今天我们讨论中西方教育理念的差异，需要客观分析各自优势。,无风险,10,safe
不同国家的发展模式反映了文化和历史背景的差异。,低风险,25,low_risk
我们应该批判性地思考现有制度的不足之处。,中风险,45,moderate_risk
某些政治制度明显优于其他制度，应该推广普及。,高风险,75,political_risk
